/*Data for the table `dictionary` */

insert  into `dictionary`(`id`,`name`,`code`,`key`,`value`,`create_by`,`create_time`,`modify_by`,`modify_time`,`remark`,`status`,`seq`,`delete_flag`) values (61,'是否有效','isValid','',NULL,'1','2017-05-11 18:21:03',NULL,'2017-07-13 19:06:30','1表示有效 2表示无效',NULL,NULL,0),(62,'是否有效','isValid','1','有效','1','2017-05-11 18:21:03',NULL,'2017-07-13 19:06:31','1表示有效 2表示无效',1,1,0),(63,'是否有效','isValid','2','无效','SYS','2017-05-11 18:21:03','admin','2017-07-13 19:06:35','1表示有效 2表示无效',1,2,0),(64,'证件类型（ 不含身份证）','issuerCardTypeDict','',NULL,'1','2017-05-11 18:21:03',NULL,'2017-05-25 14:02:16','发行方证件类型：2统一社会信用代码 3营业执照号',NULL,NULL,0),(65,'证件类型（ 不含身份证）','issuerCardTypeDict','2','统一社会信用代码','1','2017-05-11 18:21:03',NULL,'2017-05-25 14:02:16','发行方证件类型：2统一社会信用代码 3营业执照号',1,1,0),(66,'证件类型（ 不含身份证）','issuerCardTypeDict','3','营业执照号','1','2017-05-11 18:21:03',NULL,'2017-05-25 14:02:16','发行方证件类型：2统一社会信用代码 3营业执照号',1,2,0),(77,'产品类型','productTypeDict','',NULL,'1','2017-05-11 18:21:03','admin','2017-08-18 14:59:45','【02】定期【04】N日阶梯',NULL,NULL,0),(78,'产品类型','productTypeDict','04','N日阶梯','SYS','2017-05-11 18:21:03','admin','2017-10-31 09:56:42','【02】定期【04】N日阶梯',0,4,0),(81,'融资类型','financeTypeDict','',NULL,'1','2017-05-11 18:21:03','admin','2017-08-09 16:20:05','1：个人贷款；2：企业贷款	；3：融资租赁	；4	应收账款	；5	个人贷款收益权 ；6：企业贷款收益权；7：融资租赁收益权；8	应收账款收益权',NULL,NULL,0),(82,'融资类型','financeTypeDict','1','个人贷款','SYS','2017-05-11 18:21:03','admin','2017-08-10 15:15:22','1：个人贷款；2：企业贷款	；3：融资租赁	；4	应收账款	；5	个人贷款收益权 ；6：企业贷款收益权；7：融资租赁收益权；8	应收账款收益权',1,1,0),(83,'融资类型','financeTypeDict','2','企业贷款','SYS','2017-05-11 18:21:03','admin','2017-08-09 16:27:56','1：个人贷款；2：企业贷款	；3：融资租赁	；4	应收账款	；5	个人贷款收益权 ；6：企业贷款收益权；7：融资租赁收益权；8	应收账款收益权',1,2,0),(84,'融资类型','financeTypeDict','3','融资租赁','SYS','2017-05-11 18:21:03','admin','2017-08-09 16:28:08','1：个人贷款；2：企业贷款	；3：融资租赁	；4	应收账款	；5	个人贷款收益权 ；6：企业贷款收益权；7：融资租赁收益权；8	应收账款收益权',1,3,0),(85,'资产池类型','assetPoolTypeDict','',NULL,'1','2017-05-11 18:21:03','admin','2017-06-15 13:56:09','【1】定向委托收益池',NULL,NULL,0),(86,'资产池类型','assetPoolTypeDict','1','定向委托收益池','1','2017-05-11 18:21:03','admin','2017-06-15 13:56:09','【1】定向委托收益池',1,1,0),(96,'资金结算方','settlementPartyDict','',NULL,'1','2017-05-11 18:21:03','admin','2017-09-20 09:44:22','【01】贺毓；【02】欢迹定期;【03】融早；【04】巧备；【05】嘉盼定期【06】马上贷',NULL,NULL,0),(97,'资金结算方','settlementPartyDict','01','贺毓','SYS','2017-05-11 18:21:03','admin','2017-09-20 09:44:22','【01】贺毓；【02】欢迹定期;【03】融早；【04】巧备；【05】嘉盼定期【06】马上贷',1,1,0),(98,'产品日历','menologyDict','',NULL,'1','2017-05-11 18:21:03','admin','2017-06-14 10:50:33','【10】自然日24点： 每个自然日0:00到23:59:59为一天',NULL,NULL,0),(99,'产品日历','menologyDict','10','自然日','1','2017-05-11 18:21:03','admin','2017-06-14 10:50:33','【10】自然日24点： 每个自然日0:00到23:59:59为一天',1,1,0),(100,'还款方式','repaymentModeDict','',NULL,'1','2017-05-11 18:21:03','admin','2017-06-14 10:21:54','【1】本息一次性偿还（到期还本付息【2】每月付息，到期还本【3】等额本息【4】等额本金【5】利息自动拨付、本金复投',NULL,NULL,0),(101,'还款方式','repaymentModeDict','1','本息一次性偿还（到期还本付息）','SYS','2017-05-11 18:21:03','admin','2017-06-14 10:47:16','【1】本息一次性偿还（到期还本付息【2】每月付息，到期还本【3】等额本息【4】等额本金【5】利息自动拨付、本金复投',1,1,0),(102,'还款方式','repaymentModeDict','2','每月付息，到期还本','SYS','2017-05-11 18:21:03','admin','2017-06-14 10:21:54','【1】本息一次性偿还（到期还本付息【2】每月付息，到期还本【3】等额本息【4】等额本金【5】利息自动拨付、本金复投',1,2,0),(103,'还款方式','repaymentModeDict','3','等额本息','SYS','2017-05-11 18:21:03','admin','2017-06-14 10:21:54','【1】本息一次性偿还（到期还本付息【2】每月付息，到期还本【3】等额本息【4】等额本金【5】利息自动拨付、本金复投',1,3,0),(104,'还款方式','repaymentModeDict','4','等额本金','SYS','2017-05-11 18:21:03','admin','2017-06-14 10:21:54','【1】本息一次性偿还（到期还本付息【2】每月付息，到期还本【3】等额本息【4】等额本金【5】利息自动拨付、本金复投',1,4,0),(105,'还款方式','repaymentModeDict','5','利息自动拨付、本金复投','SYS','2017-05-11 18:21:03','admin','2017-06-14 10:21:54','【1】本息一次性偿还（到期还本付息【2】每月付息，到期还本【3】等额本息【4】等额本金【5】利息自动拨付、本金复投',1,5,0),(106,'销售状态','sellStatusDict','',NULL,'1','2017-05-11 18:21:03','1','2017-05-11 18:41:49','10:待部署, 11:已部署，12:上线, 13:下线, 14:归档',NULL,NULL,0),(107,'销售状态','sellStatusDict','11','已布署','1','2017-05-11 18:21:03','1','2017-05-11 18:41:49','10:待部署, 11:已部署，12:上线, 13:下线, 14:归档',1,1,0),(108,'销售状态','sellStatusDict','12','上线','1','2017-05-11 18:21:03','1','2017-05-11 18:41:49','10:待部署, 11:已部署，12:上线, 13:下线, 14:归档',1,2,0),(109,'销售状态','sellStatusDict','13','下线','1','2017-05-11 18:21:03','1','2017-05-11 18:41:49','10:待部署, 11:已部署，12:上线, 13:下线, 14:归档',1,3,0),(110,'销售状态','sellStatusDict','14','归档','1','2017-05-11 18:21:03','1','2017-05-11 18:41:49','10:待部署, 11:已部署，12:上线, 13:下线, 14:归档',1,4,0),(111,'风险等级','riskGradeDict','','','1','2017-05-11 18:21:03',NULL,'2017-05-11 18:21:03','风险等级，等级分别为1～5',NULL,NULL,0),(112,'风险等级','riskGradeDict','1','R1','1','2017-05-11 18:21:03','1','2017-05-11 18:39:59','风险等级，等级分别为1～5',1,1,0),(113,'风险等级','riskGradeDict','2','R2','SYS','2017-05-11 18:21:03','admin','2017-07-08 14:36:36','风险等级，等级分别为1～5',1,7,0),(114,'风险等级','riskGradeDict','3','R3','1','2017-05-11 18:21:03','1','2017-05-11 18:40:23','风险等级，等级分别为1～5',1,3,0),(115,'风险等级','riskGradeDict','4','R4','SYS','2017-05-11 18:21:03','admin','2017-08-23 14:08:33','风险等级，等级分别为1～5',1,4,0),(116,'风险等级','riskGradeDict','5','R5','1','2017-05-11 18:21:03','1','2017-05-11 18:40:41','风险等级，等级分别为1～5',1,5,0),(117,'文件类型','documentTypeDict','',NULL,'1','2017-05-11 18:21:03','admin','2017-06-15 13:54:03','【1】pdf;【2】word',NULL,NULL,0),(118,'文件类型','documentTypeDict','1','pdf','SYS','2017-05-11 18:21:03','admin','2017-06-15 13:54:03','【1】pdf;【2】word',1,1,0),(121,'渠道','channelDict','',NULL,'1','2017-05-11 18:21:03','admin','2017-06-15 13:52:58','01:资邦阶梯',NULL,NULL,0),(122,'渠道','channelDict','01','资邦阶梯','1','2017-05-11 18:21:03','admin','2017-06-15 13:52:58','01:资邦阶梯',1,1,0),(123,'销售状态','sellStatusDict','10','待部署','1','2017-05-16 11:08:40','1','2017-05-11 18:41:49','10:待部署, 11:已部署，12:上线, 13:下线, 14:归档',1,0,0),(125,'审核状态','auitStatusDict','','','1','2017-05-16 11:08:40',NULL,NULL,'10:待审核, 20:已审核, 30:审核未通过',NULL,NULL,0),(126,'审核状态','auitStatusDict','10','待审核','1','2017-05-16 11:08:40',NULL,NULL,'10:待审核, 20:已审核, 30:审核未通过',1,1,0),(127,'审核状态','auitStatusDict','20','已审核','1','2017-05-16 11:08:40',NULL,NULL,'10:待审核, 20:已审核, 30:审核未通过',1,2,0),(128,'审核状态','auitStatusDict','30','审核未通过','1','2017-05-16 11:08:40','1','2017-05-12 10:18:36','10:待审核, 20:已审核, 30:审核未通过',1,3,0),(130,'交易结构','tradeStructDict','',NULL,'1','2017-05-24 15:13:07','admin','2017-10-18 10:24:23','1:定向委托；2：p2p实时放款；3：交易所挂摘牌',NULL,NULL,0),(131,'交易结构','tradeStructDict','1','定向委托','SYS','2017-05-24 15:14:00','admin','2017-10-31 09:56:57','1:定向委托；2：p2p实时放款；3：交易所挂摘牌',0,1,0),(133,'证件类型','cardTypeDict','',NULL,'1','2017-05-25 13:59:09',NULL,'2017-05-25 14:01:59','1居民身份证2统一社会信用代码 3营业执照号',NULL,NULL,0),(134,'证件类型','cardTypeDict','1','身份证','1','2017-05-25 13:59:57',NULL,'2017-05-25 14:01:59','1居民身份证2统一社会信用代码 3营业执照号',1,1,0),(135,'证件类型','cardTypeDict','2','统一社会信用代码','1','2017-05-25 14:00:55',NULL,'2017-05-25 14:01:59','1居民身份证2统一社会信用代码 3营业执照号',1,2,0),(136,'证件类型','cardTypeDict','3','营业执照号','1','2017-05-25 14:01:20',NULL,'2017-05-25 14:01:59','1居民身份证2统一社会信用代码 3营业执照号',1,3,0),(137,'销售渠道','sellChannelDict','',NULL,'admin','2017-06-06 10:52:43','admin','2017-10-13 15:54:39','TXS:唐小僧,YW:摇旺,QYLC:企业理财；QJS：侨金所',NULL,NULL,0),(138,'销售渠道','sellChannelDict','TXS','唐小僧','admin','2017-06-06 11:08:36','admin','2017-10-13 15:54:39','TXS:唐小僧,YW:摇旺,QYLC:企业理财；QJS：侨金所',1,1,0),(139,'销售渠道','sellChannelDict','YW','摇旺','admin','2017-06-06 11:09:05','admin','2017-10-13 15:54:39','TXS:唐小僧,YW:摇旺,QYLC:企业理财；QJS：侨金所',1,2,0),(140,'销售渠道','sellChannelDict','QYLC','企业理财','admin','2017-06-06 11:09:24','admin','2017-10-13 15:54:39','TXS:唐小僧,YW:摇旺,QYLC:企业理财；QJS：侨金所',1,3,0),(141,'文件类型','documentTypeDict','2','word','admin','2017-06-06 14:50:19','admin','2017-06-15 13:54:03','【1】pdf;【2】word',1,2,0),(142,'资金结算方','settlementPartyDict','02','欢迹定期','admin','2017-06-09 15:06:16','admin','2017-09-20 09:44:22','【01】贺毓；【02】欢迹定期;【03】融早；【04】巧备；【05】嘉盼定期【06】马上贷',1,2,0),(143,'资金结算方','settlementPartyDict','03','融早','admin','2017-06-09 15:06:32','admin','2017-09-20 09:44:22','【01】贺毓；【02】欢迹定期;【03】融早；【04】巧备；【05】嘉盼定期【06】马上贷',1,3,0),(144,'资金结算方','settlementPartyDict','04','巧备','admin','2017-06-09 15:06:52','admin','2017-09-20 09:44:22','【01】贺毓；【02】欢迹定期;【03】融早；【04】巧备；【05】嘉盼定期【06】马上贷',1,4,0),(145,'资金结算方','settlementPartyDict','05','嘉盼定期','admin','2017-06-09 15:07:14','admin','2017-09-20 09:44:22','【01】贺毓；【02】欢迹定期;【03】融早；【04】巧备；【05】嘉盼定期【06】马上贷',1,5,0),(154,'募集状态（产品）','collectStatusDict','','','admin','2017-06-20 11:15:07','admin','2017-06-20 14:37:50','10:待募集，11:募集期，12:待成立，13:已成立，14:存续期，15:到期，16:待兑付，17:兑付完成, 18:流标',NULL,NULL,0),(155,'募集状态（产品）','collectStatusDict','10','待募集','admin','2017-06-20 11:15:46','admin','2017-06-20 14:37:50','10:待募集，11:募集期，12:待成立，13:已成立，14:存续期，15:到期，16:待兑付，17:兑付完成, 18:流标',1,1,0),(156,'募集状态（产品）','collectStatusDict','11','募集期','admin','2017-06-20 11:16:02','admin','2017-06-20 14:37:50','10:待募集，11:募集期，12:待成立，13:已成立，14:存续期，15:到期，16:待兑付，17:兑付完成, 18:流标',1,2,0),(157,'募集状态（产品）','collectStatusDict','12','待成立','SYS','2017-06-20 11:16:21','admin','2017-06-20 14:37:50','10:待募集，11:募集期，12:待成立，13:已成立，14:存续期，15:到期，16:待兑付，17:兑付完成, 18:流标',1,3,0),(158,'募集状态（产品）','collectStatusDict','13','已成立','SYS','2017-06-20 11:16:51','admin','2017-06-20 14:37:50','10:待募集，11:募集期，12:待成立，13:已成立，14:存续期，15:到期，16:待兑付，17:兑付完成, 18:流标',1,4,0),(159,'募集状态（产品）','collectStatusDict','14','存续期','SYS','2017-06-20 11:17:58','admin','2017-11-02 15:32:56','10:待募集，11:募集期，12:待成立，13:已成立，14:存续期，15:到期，16:待兑付，17:兑付完成, 18:流标',1,5,0),(160,'募集状态（产品）','collectStatusDict','15','到期','admin','2017-06-20 11:18:19','admin','2017-06-20 14:37:50','10:待募集，11:募集期，12:待成立，13:已成立，14:存续期，15:到期，16:待兑付，17:兑付完成, 18:流标',1,6,0),(161,'募集状态（产品）','collectStatusDict','16','待兑付','admin','2017-06-20 11:18:47','admin','2017-06-20 14:37:50','10:待募集，11:募集期，12:待成立，13:已成立，14:存续期，15:到期，16:待兑付，17:兑付完成, 18:流标',1,7,0),(162,'募集状态（产品）','collectStatusDict','17','兑付完成','admin','2017-06-20 11:19:06','admin','2017-06-20 14:37:50','10:待募集，11:募集期，12:待成立，13:已成立，14:存续期，15:到期，16:待兑付，17:兑付完成, 18:流标',1,8,0),(163,'募集状态（产品）','collectStatusDict','18','流标','admin','2017-06-20 11:19:25','admin','2017-06-20 14:37:50','10:待募集，11:募集期，12:待成立，13:已成立，14:存续期，15:到期，16:待兑付，17:兑付完成, 18:流标',1,9,0),(164,'募集状态（资产）','raiseStatusDict','','','admin','2017-06-20 14:39:44','admin','2017-06-22 15:47:05','待审批、待成立、成立、不可用',NULL,NULL,0),(165,'募集状态（资产）','raiseStatusDict','10','待审核','admin','2017-06-20 14:41:14','admin','2017-06-22 15:47:05','待审批、待成立、成立、不可用',1,1,0),(166,'募集状态（资产）','raiseStatusDict','12','待成立','admin','2017-06-20 14:41:35','admin','2017-06-22 15:47:05','待审批、待成立、成立、不可用',1,2,0),(167,'募集状态（资产）','raiseStatusDict','13','已成立','admin','2017-06-20 14:41:45','admin','2017-06-22 15:47:05','待审批、待成立、成立、不可用',1,3,0),(168,'募集状态（资产）','raiseStatusDict','99','不可用','admin','2017-06-20 14:42:03','admin','2017-06-22 15:47:05','待审批、待成立、成立、不可用',1,4,0),(169,'平台名称','platformNameDict','',NULL,'admin','2017-06-23 11:28:26','admin','2017-06-28 14:26:36','TXS 唐小僧  YW 摇旺',NULL,NULL,0),(170,'平台名称','platformNameDict','TXS','唐小僧','SYS','2017-06-23 11:28:46','admin','2017-06-28 14:26:48','TXS 唐小僧  YW 摇旺',1,1,0),(171,'平台名称','platformNameDict','YW','摇旺','SYS','2017-06-23 11:28:54','admin','2017-06-28 14:26:56','TXS 唐小僧  YW 摇旺',1,2,0),(172,'对公虚拟账户类型','publicVirtualAccountCardTypeDict','',NULL,'admin','2017-06-23 11:42:41','admin','2017-06-28 16:46:04','8 组织机构代码  9 营业执照',NULL,NULL,0),(173,'对公虚拟账户类型','publicVirtualAccountCardTypeDict','8','组织机构代码','SYS','2017-06-23 11:42:48','admin','2017-06-28 16:46:13','8 组织机构代码  9 营业执照',1,1,0),(174,'对公虚拟账户类型','publicVirtualAccountCardTypeDict','9','营业执照','SYS','2017-06-23 11:42:58','admin','2017-06-28 16:46:20','8 组织机构代码  9 营业执照',1,2,0),(175,'资产合同情况','creditAssetsPactStatusDict','',NULL,'admin','2017-06-27 10:28:00','admin','2017-06-27 16:30:08','notCreated 未生成  created 已生成',NULL,NULL,0),(176,'资产合同情况','creditAssetsPactStatusDict','1','未生成','admin','2017-06-27 10:28:15','admin','2017-06-27 16:30:08','notCreated 未生成  created 已生成',1,1,0),(177,'资产合同情况','creditAssetsPactStatusDict','2','已生成','admin','2017-06-27 10:28:28','admin','2017-06-27 16:30:08','notCreated 未生成  created 已生成',1,2,0),(178,'机构虚拟户交易类型','tradeTypeDict','',NULL,'admin','2017-06-27 16:26:29','admin','2017-06-29 18:24:44','1 充值，2 提现，3 转帐，4 放款，5 还款',NULL,NULL,0),(179,'唐小僧——支付渠道','txsChannelDict','',NULL,'admin','2017-06-27 17:28:51','admin','2017-06-27 17:28:59','cnfolPay 中金支付，epay163 网易支付',NULL,NULL,0),(180,'摇旺——支付渠道','ywChannelDict','','','admin','2017-06-27 17:30:51',NULL,NULL,'chinapnr 汇付天下',NULL,NULL,0),(181,'摇旺——支付渠道','ywChannelDict','chinapnr','汇付天下','SYS','2017-06-27 17:31:04','admin','2017-06-27 17:35:02','chinapnr 汇付天下',1,1,0),(182,'唐小僧——支付渠道','txsChannelDict','cnfolPay','中金支付','admin','2017-06-27 17:31:23',NULL,NULL,'cnfolPay 中金支付，epay163 网易支付',1,1,0),(183,'唐小僧——支付渠道','txsChannelDict','epay163','网易支付','admin','2017-06-27 17:31:35',NULL,NULL,'cnfolPay 中金支付，epay163 网易支付',1,2,0),(184,'平台账户类型','plateformAmountTypeDict','',NULL,'admin','2017-06-28 14:55:41',NULL,NULL,'\"MARKET\", \"营销账户\",\n\"GUARANTEE\", \"保证金账户\",\n\"INTEREST\", \"利息账户\",\n\"MANAGEMENT_FEE\", \"平台管理费账户\",',NULL,NULL,0),(185,'平台账户类型','plateformAmountTypeDict','MARKET','营销账户','admin','2017-06-28 14:55:57',NULL,NULL,'\"MARKET\", \"营销账户\",\n\"GUARANTEE\", \"保证金账户\",\n\"INTEREST\", \"利息账户\",\n\"MANAGEMENT_FEE\", \"平台管理费账户\",',1,1,0),(186,'平台账户类型','plateformAmountTypeDict','GUARANTEE','保证金账户','admin','2017-06-28 14:56:14',NULL,NULL,'\"MARKET\", \"营销账户\",\n\"GUARANTEE\", \"保证金账户\",\n\"INTEREST\", \"利息账户\",\n\"MANAGEMENT_FEE\", \"平台管理费账户\",',1,2,0),(187,'平台账户类型','plateformAmountTypeDict','INTEREST','利息账户','admin','2017-06-28 14:56:27',NULL,NULL,'\"MARKET\", \"营销账户\",\n\"GUARANTEE\", \"保证金账户\",\n\"INTEREST\", \"利息账户\",\n\"MANAGEMENT_FEE\", \"平台管理费账户\",',1,3,0),(188,'平台账户类型','plateformAmountTypeDict','MANAGEMENT_FEE','平台管理费账户','admin','2017-06-28 14:56:44',NULL,NULL,'\"MARKET\", \"营销账户\",\n\"GUARANTEE\", \"保证金账户\",\n\"INTEREST\", \"利息账户\",\n\"MANAGEMENT_FEE\", \"平台管理费账户\",',1,4,0),(189,'合作机构账户类型','orgVirtualAccountTypeDict','',NULL,'admin','2017-06-28 14:58:57',NULL,'2017-06-28 15:31:00','\"INVEST_REPAY\", \"投资/还款账户\";',NULL,NULL,0),(190,'合作机构账户类型','orgVirtualAccountTypeDict','INVEST_REPAY','投资/还款账户','admin','2017-06-28 14:59:11',NULL,'2017-06-28 15:31:05','\"INVEST_REPAY\", \"投资/还款账户\";',1,1,0),(191,'交易状态','tradeStatusDict','',NULL,'admin','2017-06-29 17:12:20',NULL,NULL,'1 成功  2 失败 3 进行中',NULL,NULL,0),(192,'交易状态','tradeStatusDict','1','成功','admin','2017-06-29 17:12:32',NULL,NULL,'1 成功  2 失败 3 进行中',1,1,0),(193,'交易状态','tradeStatusDict','2','失败','admin','2017-06-29 17:12:41',NULL,NULL,'1 成功  2 失败 3 进行中',1,2,0),(194,'交易状态','tradeStatusDict','3','进行中','admin','2017-06-29 17:12:48',NULL,NULL,'1 成功  2 失败 3 进行中',1,3,0),(195,'对账结果','checkResultDict','',NULL,'admin','2017-06-29 17:13:24',NULL,NULL,'1 对账通过、2 未通过、3 存疑',NULL,NULL,0),(196,'对账结果','checkResultDict','1','对账通过','admin','2017-06-29 17:13:35',NULL,NULL,'1 对账通过、2 未通过、3 存疑',1,1,0),(197,'对账结果','checkResultDict','2','未通过','admin','2017-06-29 17:13:45',NULL,NULL,'1 对账通过、2 未通过、3 存疑',1,2,0),(198,'对账结果','checkResultDict','3','存疑','admin','2017-06-29 17:13:52',NULL,NULL,'1 对账通过、2 未通过、3 存疑',1,3,0),(199,'机构虚拟户交易类型','tradeTypeDict','1','充值','admin','2017-06-29 18:24:58',NULL,NULL,'1 充值，2 提现，3 转帐，4 放款，5 还款',1,1,0),(200,'机构虚拟户交易类型','tradeTypeDict','2','提现','admin','2017-06-29 18:25:07',NULL,NULL,'1 充值，2 提现，3 转帐，4 放款，5 还款',1,2,0),(201,'机构虚拟户交易类型','tradeTypeDict','3','转账','admin','2017-06-29 18:25:34',NULL,NULL,'1 充值，2 提现，3 转帐，4 放款，5 还款',1,3,0),(202,'机构虚拟户交易类型','tradeTypeDict','4','放款','admin','2017-06-29 18:25:53',NULL,NULL,'1 充值，2 提现，3 转帐，4 放款，5 还款',1,4,0),(203,'机构虚拟户交易类型','tradeTypeDict','5','还款','SYS','2017-06-29 18:26:01','admin','2017-06-29 18:26:12','1 充值，2 提现，3 转帐，4 放款，5 还款',1,5,0),(204,'对账结果交易类型','checkResultTradeTypeDict','',NULL,'admin','2017-06-29 18:29:30',NULL,NULL,'1 充值，2提现，3 投标，4 转让，5 还款，6 兑付，7 开标确认，8 佣金派送， 9 收益划出， 10 虚拟子账户入账确认 11 机构间转账',NULL,NULL,0),(205,'对账结果交易类型','checkResultTradeTypeDict','1','充值','admin','2017-06-29 18:29:43',NULL,NULL,'1 充值，2提现，3 投标，4 转让，5 还款，6 兑付，7 开标确认，8 佣金派送， 9 收益划出， 10 虚拟子账户入账确认 11 机构间转账',1,1,0),(206,'对账结果交易类型','checkResultTradeTypeDict','2','提现','admin','2017-06-29 18:29:53',NULL,NULL,'1 充值，2提现，3 投标，4 转让，5 还款，6 兑付，7 开标确认，8 佣金派送， 9 收益划出， 10 虚拟子账户入账确认 11 机构间转账',1,2,0),(207,'对账结果交易类型','checkResultTradeTypeDict','3','投标','admin','2017-06-29 18:30:02',NULL,NULL,'1 充值，2提现，3 投标，4 转让，5 还款，6 兑付，7 开标确认，8 佣金派送， 9 收益划出， 10 虚拟子账户入账确认 11 机构间转账',1,3,0),(208,'对账结果交易类型','checkResultTradeTypeDict','4','转让','admin','2017-06-29 18:30:12',NULL,NULL,'1 充值，2提现，3 投标，4 转让，5 还款，6 兑付，7 开标确认，8 佣金派送， 9 收益划出， 10 虚拟子账户入账确认 11 机构间转账',1,4,0),(209,'对账结果交易类型','checkResultTradeTypeDict','5','还款','admin','2017-06-29 18:30:21',NULL,NULL,'1 充值，2提现，3 投标，4 转让，5 还款，6 兑付，7 开标确认，8 佣金派送， 9 收益划出， 10 虚拟子账户入账确认 11 机构间转账',1,5,0),(210,'对账结果交易类型','checkResultTradeTypeDict','6','兑付','admin','2017-06-29 18:30:30',NULL,NULL,'1 充值，2提现，3 投标，4 转让，5 还款，6 兑付，7 开标确认，8 佣金派送， 9 收益划出， 10 虚拟子账户入账确认 11 机构间转账',1,6,0),(211,'对账结果交易类型','checkResultTradeTypeDict','7','开标确认','SYS','2017-06-29 18:30:42','admin','2017-06-29 18:31:46','1 充值，2提现，3 投标，4 转让，5 还款，6 兑付，7 开标确认，8 佣金派送， 9 收益划出， 10 虚拟子账户入账确认 11 机构间转账',1,7,0),(212,'对账结果交易类型','checkResultTradeTypeDict','8','佣金派送','admin','2017-06-29 18:30:53',NULL,NULL,'1 充值，2提现，3 投标，4 转让，5 还款，6 兑付，7 开标确认，8 佣金派送， 9 收益划出， 10 虚拟子账户入账确认 11 机构间转账',1,8,0),(213,'对账结果交易类型','checkResultTradeTypeDict','9','收益划出','admin','2017-06-29 18:31:10',NULL,NULL,'1 充值，2提现，3 投标，4 转让，5 还款，6 兑付，7 开标确认，8 佣金派送， 9 收益划出， 10 虚拟子账户入账确认 11 机构间转账',1,9,0),(214,'对账结果交易类型','checkResultTradeTypeDict','10','虚拟子账户入账确认','admin','2017-06-29 18:31:29',NULL,NULL,'1 充值，2提现，3 投标，4 转让，5 还款，6 兑付，7 开标确认，8 佣金派送， 9 收益划出， 10 虚拟子账户入账确认 11 机构间转账',1,10,0),(215,'对账结果交易类型','checkResultTradeTypeDict','11','机构间转账','admin','2017-06-29 18:31:42',NULL,NULL,'1 充值，2提现，3 投标，4 转让，5 还款，6 兑付，7 开标确认，8 佣金派送， 9 收益划出， 10 虚拟子账户入账确认 11 机构间转账',1,11,0),(216,'角色代码','roleCodeDict','',NULL,'admin','2017-06-30 09:56:32','admin','2017-07-06 10:20:21','ASSET_APPROVE_LEVEL1：授信资产一审，ASSET_APPROVE_LEVEL2：授信资产二审',NULL,NULL,0),(217,'角色代码','roleCodeDict','ASSET_APPROVE_LEVEL1','授信资产一审','SYS','2017-06-30 09:57:19','admin','2017-07-06 10:20:24','ASSET_APPROVE_LEVEL1：授信资产一审，ASSET_APPROVE_LEVEL2：授信资产二审',1,1,0),(218,'角色代码','roleCodeDict','ASSET_APPROVE_LEVEL2','授信资产二审','SYS','2017-06-30 09:58:26','admin','2017-07-06 10:20:26','ASSET_APPROVE_LEVEL1：授信资产一审，ASSET_APPROVE_LEVEL2：授信资产二审',1,2,0),(219,'合同状态','pactStatusDict','',NULL,'admin','2017-06-30 11:34:45','admin','2017-07-10 21:15:41','1 未生成 2 已生成',NULL,NULL,0),(220,'合同状态','pactStatusDict','1','未生成','SYS','2017-06-30 11:34:56','admin','2017-07-10 21:16:09','1 未生成 2 已生成',1,0,0),(221,'合同状态','pactStatusDict','2','已生成','SYS','2017-06-30 11:35:04','admin','2017-07-10 21:16:03','1 未生成 2 已生成',1,1,0),(222,'交易所备案状态','exchangeRecordStatusDict','',NULL,'admin','2017-06-30 11:37:52','admin','2017-07-10 10:43:08','1 待备案 2 备案中  3 生成合同 4 备案成功 5备案失败',NULL,NULL,0),(223,'交易所备案状态','exchangeRecordStatusDict','1','待备案','admin','2017-06-30 11:38:02','admin','2017-07-10 10:43:08','1 待备案 2 备案中  3 生成合同 4 备案成功 5备案失败',1,1,0),(224,'交易所备案状态','exchangeRecordStatusDict','2','备案中','admin','2017-06-30 11:38:10','admin','2017-07-10 10:43:08','1 待备案 2 备案中  3 生成合同 4 备案成功 5备案失败',1,2,0),(225,'交易所备案状态','exchangeRecordStatusDict','4','备案成功','SYS','2017-06-30 11:38:21','admin','2017-07-10 10:43:23','1 待备案 2 备案中  3 生成合同 4 备案成功 5备案失败',1,4,0),(226,'交易所','assetExchangeDict','',NULL,'admin','2017-07-06 17:19:40','admin','2017-10-18 10:22:25','SZQH 深圳前海金融资产交易所有限公司；QJS\n广东华侨金融资产交易中心',NULL,NULL,0),(227,'交易所','assetExchangeDict','SZQH','深圳前海金融资产交易所有限公司','admin','2017-07-06 17:19:53','admin','2017-10-18 10:22:25','SZQH 深圳前海金融资产交易所有限公司；QJS\n广东华侨金融资产交易中心',1,1,0),(228,'摘牌方挂牌方','hangtagerAndDelisterDict','',NULL,'admin','2017-07-06 17:22:33',NULL,NULL,'GTBL 国通商业保理（天津）有限公司  ZS 资顺（三亚）小额贷款有限公司 GZRZ 广州融早资产管理有限公司 HZXT  杭州迅途资产管理有限公司',NULL,NULL,0),(229,'摘牌方挂牌方','hangtagerAndDelisterDict','GTBL','国通商业保理（天津）有限公司','SYS','2017-07-06 17:22:56','admin','2017-07-06 17:23:44','GTBL 国通商业保理（天津）有限公司  ZS 资顺（三亚）小额贷款有限公司 GZRZ 广州融早资产管理有限公司 HZXT  杭州迅途资产管理有限公司',1,1,0),(230,'摘牌方挂牌方','hangtagerAndDelisterDict','ZS','资顺（三亚）小额贷款有限公司','admin','2017-07-06 17:23:07',NULL,NULL,'GTBL 国通商业保理（天津）有限公司  ZS 资顺（三亚）小额贷款有限公司 GZRZ 广州融早资产管理有限公司 HZXT  杭州迅途资产管理有限公司',1,2,0),(231,'摘牌方挂牌方','hangtagerAndDelisterDict','GZRZ','广州融早资产管理有限公司','admin','2017-07-06 17:23:25',NULL,NULL,'GTBL 国通商业保理（天津）有限公司  ZS 资顺（三亚）小额贷款有限公司 GZRZ 广州融早资产管理有限公司 HZXT  杭州迅途资产管理有限公司',1,3,0),(232,'摘牌方挂牌方','hangtagerAndDelisterDict','HZXT','杭州迅途资产管理有限公司','SYS','2017-07-06 17:23:40','admin','2017-07-06 17:23:47','GTBL 国通商业保理（天津）有限公司  ZS 资顺（三亚）小额贷款有限公司 GZRZ 广州融早资产管理有限公司 HZXT  杭州迅途资产管理有限公司',1,4,0),(233,'授信资产融资类型','creditAssetFinanceTypeDict','','','admin','2017-07-06 17:47:45','admin','2017-08-09 16:19:55','1：个人贷款；2：企业贷款	 ；3：融资租赁	 ；4	应收账款	 \n；5	个人贷款收益权 ；6：企业贷款收益权；7：融资租赁收益权；8	应收账款收益权',NULL,NULL,0),(234,'授信资产融资类型','creditAssetFinanceTypeDict','1','个人贷款','SYS','2017-07-06 17:48:25','admin','2017-08-09 16:19:55','1：个人贷款；2：企业贷款	 ；3：融资租赁	 ；4	应收账款	 \n；5	个人贷款收益权 ；6：企业贷款收益权；7：融资租赁收益权；8	应收账款收益权',1,1,0),(235,'授信资产融资类型','creditAssetFinanceTypeDict','2','企业贷款','SYS','2017-07-06 17:48:52','admin','2017-08-09 16:19:55','1：个人贷款；2：企业贷款	 ；3：融资租赁	 ；4	应收账款	 \n；5	个人贷款收益权 ；6：企业贷款收益权；7：融资租赁收益权；8	应收账款收益权',1,2,0),(236,'授信资产融资类型','creditAssetFinanceTypeDict','3','融资租赁','SYS','2017-07-06 17:49:03','admin','2017-08-09 16:19:55','1：个人贷款；2：企业贷款	 ；3：融资租赁	 ；4	应收账款	 \n；5	个人贷款收益权 ；6：企业贷款收益权；7：融资租赁收益权；8	应收账款收益权',1,3,0),(237,'授信资产融资类型','creditAssetFinanceTypeDict','4','应收账款','SYS','2017-07-06 17:49:18','admin','2017-08-09 16:19:55','1：个人贷款；2：企业贷款	 ；3：融资租赁	 ；4	应收账款	 \n；5	个人贷款收益权 ；6：企业贷款收益权；7：融资租赁收益权；8	应收账款收益权',1,4,0),(238,'授信资产融资类型','creditAssetFinanceTypeDict','5','个人贷款收益权','SYS','2017-07-06 17:49:37','admin','2017-08-09 16:19:55','1：个人贷款；2：企业贷款	 ；3：融资租赁	 ；4	应收账款	 \n；5	个人贷款收益权 ；6：企业贷款收益权；7：融资租赁收益权；8	应收账款收益权',1,5,0),(239,'授信资产融资类型','creditAssetFinanceTypeDict','6','企业贷款收益权','admin','2017-08-09 16:17:06','admin','2017-08-09 16:19:55','1：个人贷款；2：企业贷款	 ；3：融资租赁	 ；4	应收账款	 \n；5	个人贷款收益权 ；6：企业贷款收益权；7：融资租赁收益权；8	应收账款收益权',1,6,0),(240,'授信资产融资类型','creditAssetFinanceTypeDict','7','融资租赁收益权','admin','2017-08-09 16:17:22','admin','2017-08-09 16:19:55','1：个人贷款；2：企业贷款	 ；3：融资租赁	 ；4	应收账款	 \n；5	个人贷款收益权 ；6：企业贷款收益权；7：融资租赁收益权；8	应收账款收益权',1,7,0),(241,'授信资产融资类型','creditAssetFinanceTypeDict','8','应收账款收益权','admin','2017-08-09 16:17:36','admin','2017-08-09 16:19:55','1：个人贷款；2：企业贷款	 ；3：融资租赁	 ；4	应收账款	 \n；5	个人贷款收益权 ；6：企业贷款收益权；7：融资租赁收益权；8	应收账款收益权',1,8,0),(242,'融资类型','financeTypeDict','4','应收账款','admin','2017-08-09 16:28:26',NULL,NULL,'1：个人贷款；2：企业贷款	；3：融资租赁	；4	应收账款	；5	个人贷款收益权 ；6：企业贷款收益权；7：融资租赁收益权；8	应收账款收益权',1,4,0),(243,'融资类型','financeTypeDict','5','个人贷款收益权','admin','2017-08-09 16:28:53',NULL,NULL,'1：个人贷款；2：企业贷款	；3：融资租赁	；4	应收账款	；5	个人贷款收益权 ；6：企业贷款收益权；7：融资租赁收益权；8	应收账款收益权',1,5,0),(244,'融资类型','financeTypeDict','6','企业贷款收益权','SYS','2017-08-09 16:29:05','admin','2017-08-09 16:29:16','1：个人贷款；2：企业贷款	；3：融资租赁	；4	应收账款	；5	个人贷款收益权 ；6：企业贷款收益权；7：融资租赁收益权；8	应收账款收益权',1,6,0),(245,'融资类型','financeTypeDict','7','融资租赁收益权','admin','2017-08-09 16:29:32',NULL,NULL,'1：个人贷款；2：企业贷款	；3：融资租赁	；4	应收账款	；5	个人贷款收益权 ；6：企业贷款收益权；7：融资租赁收益权；8	应收账款收益权',1,7,0),(246,'融资类型','financeTypeDict','8','应收账款收益权','admin','2017-08-09 16:29:49',NULL,NULL,'1：个人贷款；2：企业贷款	；3：融资租赁	；4	应收账款	；5	个人贷款收益权 ；6：企业贷款收益权；7：融资租赁收益权；8	应收账款收益权',1,8,0),(247,'交易所备案状态','exchangeRecordStatusDict','5','备案失败','admin','2017-08-10 10:43:28',NULL,NULL,'1 待备案 2 备案中  3 生成合同 4 备案成功 5备案失败',1,5,0),(248,'产品类型','productTypeDict','02','定期','admin','2017-08-18 15:00:01',NULL,NULL,'【02】定期【04】N日阶梯',1,2,0),(249,'交易结构','tradeStructDict','2','p2p实时放款','SYS','2017-08-21 15:23:00','admin','2017-10-31 09:57:03','1:定向委托；2：p2p实时放款；3：交易所挂摘牌',0,2,0),(250,'销售渠道','sellChannelDict','ZD','资鼎','admin','2017-09-15 15:41:12','admin','2017-10-13 15:54:39','TXS:唐小僧,YW:摇旺,QYLC:企业理财；QJS：侨金所',1,4,0),(251,'资金结算方','settlementPartyDict','06','马上贷','SYS','2017-09-20 09:43:42','admin','2017-09-20 09:44:22','【01】贺毓；【02】欢迹定期;【03】融早；【04】巧备；【05】嘉盼定期【06】马上贷',1,6,0),(252,'交易结构','tradeStructDict','3','交易所挂摘牌','admin','2017-10-10 10:25:27','admin','2017-10-18 10:24:23','1:定向委托；2：p2p实时放款；3：交易所挂摘牌',1,3,0),(253,'对账类型','reconciliationDict','',NULL,'admin','2017-10-13 15:34:17','admin','2017-10-14 11:18:06','10:入金;20:出金',NULL,NULL,1),(254,'对账类型','reconciliationDict','10','入金','SYS','2017-10-13 15:34:42','admin','2017-10-14 11:17:54','10:入金;20:出金',0,1,1),(255,'对账类型','reconciliationDict','20','出金','SYS','2017-10-13 15:34:57','admin','2017-10-14 11:18:00','10:入金;20:出金',0,2,1),(256,'交易所','assetExchangeDict','QJS','广东华侨金融资产交易中心','SYS','2017-10-13 15:51:47','admin','2017-10-18 10:22:25','SZQH 深圳前海金融资产交易所有限公司；QJS\n广东华侨金融资产交易中心',1,2,0),(257,'销售渠道','sellChannelDict','QJS','侨金所','SYS','2017-10-13 15:53:28','admin','2017-10-13 15:54:39','TXS:唐小僧,YW:摇旺,QYLC:企业理财；QJS：侨金所',1,5,0),(258,'兑付状态','cashStatusDict','',NULL,'admin','2017-10-13 17:07:04','admin','2017-11-02 15:37:49','13：未兑付；14：未兑付；15：未兑付；19：兑付中；17：已兑付；20：逾期；',NULL,NULL,0),(259,'补账类型','addAccountTypeDict','',NULL,'admin','2017-10-14 10:43:00','admin','2017-10-14 10:45:25','10-入金补账；20-出金补账',NULL,NULL,0),(260,'补账类型','addAccountTypeDict','10','入金补账','admin','2017-10-14 10:44:36','admin','2017-10-14 10:45:25','10-入金补账；20-出金补账',1,NULL,0),(261,'补账类型','addAccountTypeDict','20','出金补账','admin','2017-10-14 10:44:49','admin','2017-10-14 10:45:25','10-入金补账；20-出金补账',1,NULL,0),(262,'支付交易类型','payBusinessTypeDict','',NULL,'admin','2017-10-16 11:21:23',NULL,NULL,'10-投资，20-满标放款，30-流标/撤标退款（包含退款重试）、40-兑付还款（包含兑付还款重试），50-对公代付，60-补账',NULL,NULL,0),(263,'支付交易类型','payBusinessTypeDict','10','投资','admin','2017-10-16 11:22:29',NULL,NULL,'10-投资，20-满标放款，30-流标/撤标退款（包含退款重试）、40-兑付还款（包含兑付还款重试），50-对公代付，60-补账',1,1,0),(264,'支付交易类型','payBusinessTypeDict','20','满标放款','admin','2017-10-16 11:22:47',NULL,NULL,'10-投资，20-满标放款，30-流标/撤标退款（包含退款重试）、40-兑付还款（包含兑付还款重试），50-对公代付，60-补账',1,2,0),(265,'支付交易类型','payBusinessTypeDict','30','流标/撤标退款','SYS','2017-10-16 11:23:27','admin','2017-10-30 13:48:12','10-投资，20-满标放款，30-流标/撤标退款（包含退款重试）、40-兑付还款（包含兑付还款重试），50-对公代付，60-补账',1,3,0),(266,'支付交易类型','payBusinessTypeDict','40','兑付还款','admin','2017-10-16 11:23:44',NULL,NULL,'10-投资，20-满标放款，30-流标/撤标退款（包含退款重试）、40-兑付还款（包含兑付还款重试），50-对公代付，60-补账',1,4,0),(267,'支付交易类型','payBusinessTypeDict','50','对公代付','admin','2017-10-16 11:25:00',NULL,NULL,'10-投资，20-满标放款，30-流标/撤标退款（包含退款重试）、40-兑付还款（包含兑付还款重试），50-对公代付，60-补账',1,5,0),(268,'支付交易类型','payBusinessTypeDict','60','补账','admin','2017-10-16 11:25:14',NULL,NULL,'10-投资，20-满标放款，30-流标/撤标退款（包含退款重试）、40-兑付还款（包含兑付还款重试），50-对公代付，60-补账',1,6,0),(269,'支付交易状态','payTradeStatusDict','',NULL,'admin','2017-10-16 11:27:31',NULL,NULL,'I 初始化, P 处理中, F 处理失败, S 处理成功',NULL,NULL,0),(270,'支付交易状态','payTradeStatusDict','I','初始化','SYS','2017-10-16 11:27:53','admin','2017-10-26 17:19:40','I 初始化, P 处理中, F 处理失败, S 处理成功',1,1,0),(271,'支付交易状态','payTradeStatusDict','P','处理中','SYS','2017-10-16 11:28:16','admin','2017-10-26 17:19:57','I 初始化, P 处理中, F 处理失败, S 处理成功',1,2,0),(272,'支付交易状态','payTradeStatusDict','F','处理失败','SYS','2017-10-16 11:28:31','admin','2017-10-26 17:20:09','I 初始化, P 处理中, F 处理失败, S 处理成功',1,3,0),(273,'支付交易状态','payTradeStatusDict','S','处理成功','SYS','2017-10-16 11:28:50','admin','2017-10-26 17:20:19','I 初始化, P 处理中, F 处理失败, S 处理成功',1,4,0),(274,'兑付状态','cashStatusDict','15','未兑付','admin','2017-10-17 17:43:42','admin','2017-11-02 15:37:49','13：未兑付；14：未兑付；15：未兑付；19：兑付中；17：已兑付；20：逾期；',1,1,0),(275,'兑付状态','cashStatusDict','19','兑付中','admin','2017-10-17 17:44:07','admin','2017-11-02 15:37:49','13：未兑付；14：未兑付；15：未兑付；19：兑付中；17：已兑付；20：逾期；',1,2,0),(276,'兑付状态','cashStatusDict','17','已兑付','admin','2017-10-17 17:44:29','admin','2017-11-02 15:37:49','13：未兑付；14：未兑付；15：未兑付；19：兑付中；17：已兑付；20：逾期；',1,3,0),(277,'兑付状态','cashStatusDict','20','逾期','admin','2017-10-17 17:44:48','admin','2017-11-02 15:37:49','13：未兑付；14：未兑付；15：未兑付；19：兑付中；17：已兑付；20：逾期；',1,5,0),(278,'渠道','channelDict','02','资邦定期','admin','2017-10-23 10:34:22',NULL,NULL,'01:资邦阶梯',1,2,0),(279,'支付账户用途','accountPurposeDict','',NULL,'admin','2017-10-24 17:33:53',NULL,NULL,'101:投资账户，201：融资账户，202：平台手续费账户',NULL,NULL,0),(280,'支付账户用途','accountPurposeDict','101','投资账户','admin','2017-10-24 17:34:42',NULL,NULL,'101:投资账户，201：融资账户，202：平台手续费账户',1,1,0),(281,'支付账户用途','accountPurposeDict','201','融资账户','admin','2017-10-24 17:34:58',NULL,NULL,'101:投资账户，201：融资账户，202：平台手续费账户',1,2,0),(282,'支付账户用途','accountPurposeDict','202','平台手续费账户','admin','2017-10-24 17:35:20',NULL,NULL,'101:投资账户，201：融资账户，202：平台手续费账户',1,3,0),(283,'摘牌方挂牌方','hangtagerAndDelisterDict','FS17100001','上海测试专用资产管理有限公司','admin','2017-10-25 15:59:17',NULL,NULL,'GTBL 国通商业保理（天津）有限公司  ZS 资顺（三亚）小额贷款有限公司 GZRZ 广州融早资产管理有限公司 HZXT  杭州迅途资产管理有限公司',1,5,0),(284,'兑付状态','cashStatusDict','13','未兑付','admin','2017-11-02 15:11:20','admin','2017-11-02 15:37:49','13：未兑付；14：未兑付；15：未兑付；19：兑付中；17：已兑付；20：逾期；',1,1,0),(285,'兑付状态','cashStatusDict','14','未兑付','SYS','2017-11-02 15:11:40','admin','2017-11-02 15:37:49','13：未兑付；14：未兑付；15：未兑付；19：兑付中；17：已兑付；20：逾期；',1,1,0);

/*Data for the table `menu` */

insert  into `menu`(`id`,`code`,`name`,`parent_id`,`display_order`,`memo`,`refer_url`,`is_valid`,`create_time`,`create_by`,`modify_time`,`modify_by`,`icon`,`delete_flag`) values (1,NULL,'用户管理',NULL,55,'用户管理','wzntest1',1,'2017-02-23 10:03:00','15','2017-02-23 17:51:08','3','*****',1),(69,NULL,'客户管理',NULL,1,'一级菜单1','',2,'2017-02-23 17:43:35','3','2017-02-25 15:53:48','3','',1),(70,NULL,'资产管理',NULL,NULL,'资产管理（一级菜单）','',1,'2017-02-23 17:52:46','3','2017-05-12 14:28:26','1','icon-legal',1),(71,NULL,'用户管理',NULL,1,'1111','',2,'2017-02-24 16:55:54','3','2017-02-27 10:00:19','3','sss',1),(72,NULL,'资产仓库',NULL,2,'产品管理（一级菜单）','',1,'2017-02-25 15:21:50','3','2017-07-27 15:25:38','admin','',0),(73,NULL,'产品注册',72,1,'产品注册（二级菜单）','product/add',1,'2017-02-25 15:25:02','3','2017-02-27 11:02:53','3','',1),(74,NULL,'产品线管理',72,NULL,'产品线管理(二级菜单)','product/line',1,'2017-02-25 15:38:16','3','2017-05-12 14:28:36','1','icon-random',1),(76,NULL,'客户管理',NULL,NULL,'客户管理（一级菜单）','',1,'2017-02-27 10:01:41','3','2017-05-12 09:58:06','1','icon-group',1),(77,NULL,'客户信息查询',76,NULL,'二级菜单','customer',1,'2017-02-27 10:03:22','3','2017-05-12 09:57:53','1','icon-laptop',1),(78,NULL,'企业证照认证',76,NULL,'二级菜单','license',1,'2017-02-27 10:31:40','3','2017-05-12 09:57:59','1','icon-picture',1),(79,NULL,'法人资料认证',76,NULL,'','',1,'2017-02-27 10:32:18','3','2017-02-27 11:07:30','3','',1),(80,NULL,'资产仓库',70,NULL,'二级菜单','asset/warehouse',1,'2017-02-27 10:33:06','3','2017-05-12 14:28:10','1','icon-truck',1),(81,NULL,'资产入库',70,NULL,'二级菜单','asset/put',1,'2017-02-27 10:33:39','3','2017-05-12 14:28:18','1','icon-inbox',1),(82,NULL,'资产池',70,NULL,'二级菜单','asset/pool',1,'2017-02-27 10:34:00','3','2017-05-12 14:28:14','1','icon-magnet',1),(83,NULL,'交易认证',70,5,'','asset/confirmdeal',1,'2017-02-27 10:34:18','3','2017-03-01 10:06:40','3','',1),(84,NULL,'交易确认',70,NULL,'二级菜单','asset/confirmdeal',1,'2017-02-27 10:34:40','3','2017-05-12 14:28:22','1','icon-ok-sign',1),(85,NULL,'系统管理',NULL,5,'系统管理（一级菜单）','',1,'2017-02-27 14:13:16','3','2017-07-14 11:14:20','admin','',0),(86,NULL,'菜单管理',85,2,'菜单管理（二级菜单）','menu',1,'2017-02-27 14:13:49','3','2017-07-14 11:15:04','admin','',0),(87,NULL,'角色管理',85,3,'角色管理（二级菜单）','role',1,'2017-02-28 18:24:02','3','2017-07-14 11:15:14','admin','',0),(88,NULL,'法人资料认证',76,NULL,'二级菜单','legal',1,'2017-03-01 09:19:05','3','2017-05-12 09:58:03','1','icon-file-alt',1),(89,NULL,'用户管理',85,1,'用户管理（二级菜单）','user',1,'2017-03-01 09:21:41','3','2017-07-14 11:14:54','admin','',0),(90,NULL,'权限管理',85,4,'权限管理（二级菜单）','auth',1,'2017-03-01 09:22:54','3','2017-07-14 11:15:20','admin','',0),(92,NULL,'资金管理',NULL,1,'资金运营（一级菜单）','',2,'2017-03-01 09:47:12','3','2017-11-02 14:13:00','admin','',0),(93,NULL,'字典管理',85,5,'字典管理（二级菜单）','dict',1,'2017-03-01 09:48:12','3','2017-07-14 11:15:26','admin','',0),(94,NULL,'日志查询',85,NULL,'日志查询（二级菜单）','log',2,'2017-03-01 09:49:15','3','2017-06-15 14:50:45','admin','icon-list',1),(95,NULL,'业务单查询',92,NULL,'业务单查询（二级菜单）','order',1,'2017-03-01 09:52:16','3','2017-05-12 14:26:41','1','icon-search',1),(96,NULL,'批次对账',92,NULL,'批次查询（二级菜单）','reconcil',1,'2017-03-01 09:53:15','3','2017-05-12 14:26:45','1','icon-list-alt',1),(97,NULL,'补单',92,NULL,'补单（二级菜单）','supplement',1,'2017-03-01 10:00:12','3','2017-05-12 14:26:36','1','icon-paste',1),(98,NULL,'产品注册',70,1,'','product/add',1,'2017-03-01 10:13:48','3','2017-03-01 10:37:37','3','',1),(99,NULL,'产品注册',72,NULL,'产品注册（二级菜单）','product/add',1,'2017-03-01 10:38:02','3','2017-05-12 14:28:43','1','icon-beaker',1),(100,NULL,'投后管理',NULL,NULL,'一级菜单','',1,'2017-03-01 13:46:34','3','2017-05-11 18:39:21','1','icon-cloud',1),(101,NULL,'定期到期兑付',100,NULL,'','expire/investcash',1,'2017-03-01 13:47:55','3','2017-05-11 18:39:17','1','icon-calendar',1),(102,NULL,'基本信息',NULL,NULL,'一级菜单','',1,'2017-03-01 13:49:24','3','2017-05-12 14:37:17','1','icon-wrench',1),(103,NULL,'个人信息',102,NULL,'二级菜单','person',1,'2017-03-01 13:50:06','3','2017-05-12 14:37:08','1','icon-user',1),(104,NULL,'密码修改',102,NULL,'二级菜单','password',1,'2017-03-01 13:50:41','3','2017-05-12 14:37:13','1','icon-lock',1),(113,NULL,'产品管理',72,NULL,'产品管理（二级菜单）','product',1,'2017-03-02 13:42:47','1','2017-05-12 14:28:40','1','icon-briefcase',1),(114,NULL,'用户管理1',NULL,NULL,'','',1,'2017-03-02 17:52:28','1','2017-03-02 17:58:56','1','',1),(115,NULL,'系统管理1',NULL,NULL,'','',1,'2017-03-02 18:00:47','1','2017-05-11 14:11:25','1','',1),(116,NULL,'用户管理1',115,NULL,'','user',1,'2017-03-02 18:18:34','1','2017-05-11 14:11:22','1','',1),(117,NULL,'还款计划',92,NULL,'还款计划（二级菜单）','repayment',1,'2017-03-03 10:05:02','1','2017-05-12 14:26:50','1','icon-reply',1),(118,NULL,'111',NULL,NULL,'','',1,'2017-03-06 15:25:45','1','2017-03-06 15:29:04','1','',1),(119,NULL,'业务查询1',NULL,NULL,NULL,'bussiness',1,'2017-03-08 09:58:31','46','2017-05-11 14:11:30','1',NULL,1),(120,NULL,'用户管理2',115,NULL,'','11',1,'2017-03-09 11:27:25','1','2017-05-11 14:11:18','1','',1),(121,NULL,'1111111',NULL,NULL,'','',1,'2017-03-09 15:41:32','1','2017-03-09 15:42:13','1','',1),(122,NULL,'222222',121,NULL,'','111111111',2,'2017-03-09 15:41:43','1','2017-05-11 14:09:37','1','',1),(123,NULL,'111111',NULL,NULL,'','',1,'2017-03-09 15:49:51','1','2017-05-11 14:09:28','1','',1),(124,NULL,'222222333',123,NULL,'','1111',2,'2017-03-09 15:50:12','1','2017-05-11 14:09:21','1','',1),(125,NULL,'披露信息管理',72,NULL,'','/product/public',1,'2017-05-11 14:24:23','1','2017-05-12 14:28:32','1','',1),(126,NULL,'回款管理',92,NULL,'','fund/back',2,'2017-05-12 14:27:47','1','2017-11-02 14:13:11','admin','',0),(127,NULL,'基础资产管理',72,1,'','asset',1,'2017-05-12 14:30:15','1',NULL,NULL,'',0),(128,NULL,'资产审核',72,2,'','asset/audit',1,'2017-05-12 14:30:46','1',NULL,NULL,'',0),(129,NULL,'融资方管理',72,3,'','asset/issuer',1,'2017-05-12 14:31:19','1','2017-08-03 13:54:45','admin','',0),(130,NULL,'承销方管理',72,NULL,'','saler',2,'2017-05-12 14:31:48','1','2017-06-15 14:52:10','admin','',1),(131,NULL,'受托方管理',72,NULL,'','trusteer',2,'2017-05-12 14:32:10','1','2017-06-15 14:52:17','admin','',1),(132,NULL,'交易所管理',72,NULL,'','exchange',2,'2017-05-12 14:32:43','1','2017-06-15 14:52:22','admin','',1),(133,NULL,'项目管理',72,NULL,'','project',2,'2017-05-12 14:33:06','1','2017-06-15 14:52:28','admin','',1),(134,NULL,'资管工厂',NULL,3,'','',1,'2017-05-12 14:33:26','1','2017-07-27 15:25:55','admin','',0),(135,NULL,'资产池管理',134,1,'','assetpool',1,'2017-05-12 14:33:52','1','2017-05-12 14:42:00','1','',0),(136,NULL,'产品管理',NULL,4,'','',1,'2017-05-12 14:34:20','1','2017-07-27 15:26:01','admin','',0),(137,NULL,'产品管理',136,1,'','product',1,'2017-05-12 14:35:00','1','2017-07-28 18:16:20','admin','',0),(138,NULL,'产品注册',136,2,'','product/add',1,'2017-05-12 14:35:21','1','2017-08-07 11:17:44','admin','',0),(139,NULL,'产品审核',136,3,'','product/audit',1,'2017-05-12 14:35:45','1','2017-05-12 14:41:35','1','',0),(140,NULL,'披露信息管理',136,4,'','product/public',2,'2017-05-12 14:36:26','1','2017-11-02 14:14:15','admin','',0),(141,NULL,'齐全',NULL,NULL,'','',1,'2017-06-02 16:30:19','admin','2017-06-02 16:47:09','admin','',1),(142,NULL,'安安1',NULL,NULL,'','',1,'2017-06-02 16:32:14','admin','2017-06-02 16:46:44','admin','',1),(143,NULL,'升水',NULL,NULL,'','',1,'2017-06-02 16:42:33','admin','2017-06-02 16:47:01','admin','',1),(144,NULL,'请求',NULL,NULL,'','',1,'2017-06-02 16:46:17','admin','2017-06-02 16:47:04','admin','',1),(145,NULL,'财务管理',NULL,NULL,'','',2,'2017-06-16 10:31:15','admin','2017-11-02 14:12:17','admin','',0),(146,NULL,'对公虚拟账户管理',145,NULL,'','finance/publicVirtualAccount',2,'2017-06-16 10:33:51','admin','2017-11-02 14:09:55','admin','',0),(147,NULL,'合同管理',NULL,NULL,'','',1,'2017-06-23 09:34:36','admin','2017-06-23 09:36:34','admin','',1),(148,NULL,'合同一',147,NULL,'','pact',1,'2017-06-23 09:35:53','admin','2017-06-23 09:36:30','admin','',1),(149,NULL,'授信资产批量录入',72,4,'','asset/creditAssetImport',2,'2017-06-26 09:54:38','admin','2017-11-02 14:13:29','admin','',0),(150,NULL,'授信资产录入初审',72,5,'','asset/creditAssetAudit',2,'2017-06-26 09:55:17','admin','2017-11-02 14:13:42','admin','',0),(151,NULL,'授信资产合同生成',72,7,'','asset/creditAssetPact',2,'2017-06-26 10:12:23','admin','2017-11-02 14:14:03','admin','',0),(152,NULL,'支付运营',NULL,NULL,'','',1,'2017-06-26 10:22:25','admin','2017-07-27 15:25:14','admin','',0),(153,NULL,'机构账户管理',152,1,'','pay/tradeStatus',1,'2017-06-26 10:22:54','admin','2017-10-11 08:37:33','admin','',0),(154,NULL,'银行信息管理',152,2,'','pay/bankInfo',2,'2017-06-26 10:23:36','admin','2017-10-13 11:26:52','admin','',0),(155,NULL,'对账结果查询',152,3,'','pay/checkResult',2,'2017-06-26 10:24:06','admin','2017-10-13 11:27:03','admin','',0),(156,NULL,'选择备案资产',134,2,'','assetpool/selectAssetRecord',2,'2017-06-27 10:34:44','admin','2017-06-29 15:31:31','admin','',0),(157,NULL,'更新备案状态',134,3,'','assetpool/updateAssetRecordStatus',2,'2017-06-27 10:35:34','admin','2017-06-29 15:31:58','admin','',0),(158,NULL,'交易所备案',134,4,'','assetpool/exchangeRecord',2,'2017-06-27 10:36:26','admin','2017-11-02 14:15:01','admin','',0),(159,NULL,'资产清结算中心',NULL,NULL,'','',1,'2017-06-27 11:14:03','admin','2017-07-27 15:25:08','admin','',0),(160,NULL,'授信资产录入终审',72,6,'','asset/creditassetauditultimately',2,'2017-07-03 11:00:17','admin','2017-11-02 14:13:56','admin','',0),(161,NULL,'用户信息',NULL,6,'','',1,'2017-07-04 17:07:20','yinshipeng','2017-07-07 12:48:46','admin','',0),(162,NULL,'个人信息',161,1,'','person',1,'2017-07-04 17:09:02','yinshipeng',NULL,NULL,'',0),(163,NULL,'修改密码',161,2,'','password',1,'2017-07-04 17:09:28','yinshipeng',NULL,NULL,'',0),(164,NULL,'授信资产统计报表',159,1,'','report/creditAsset',2,'2017-07-07 14:47:41','admin','2017-11-02 14:12:30','admin','',0),(165,NULL,'备案记录',134,5,'','assetpool/exchangeFillRecord',2,'2017-07-28 11:29:04','admin','2017-08-03 17:07:42','admin','',0),(166,NULL,'多交所备案统计',159,2,'','report/creditAssetReceivable',2,'2017-07-31 13:59:57','admin','2017-11-02 14:12:38','admin','',0),(167,NULL,'按钮中心',NULL,NULL,'','',1,'2017-08-02 18:57:01','admin','2017-08-02 19:01:04','admin','',1),(168,NULL,'button',167,NULL,'','button',1,'2017-08-02 18:57:32','admin','2017-08-02 19:01:00','admin','',1),(169,NULL,'王子南测试用',NULL,NULL,'一级菜单（王子南测试用）','wzntest1',2,'2017-09-05 17:04:01','15','2017-11-02 14:14:41','admin','*******',1),(170,NULL,'支付管理',NULL,NULL,'','',1,'2017-10-11 08:33:16','admin','2017-10-11 08:33:48','admin','',1),(171,NULL,'交易所用户管理',152,4,'','pay/exchangeusermanagement',1,'2017-10-11 17:44:01','admin','2017-10-11 17:45:57','admin','',0),(172,NULL,'还款兑付',159,5,'','repaymentCash',1,'2017-10-13 10:30:23','admin','2017-10-13 16:03:59','admin','',0),(173,NULL,'逾期兑付',159,6,'','overdueCash',1,'2017-10-13 14:47:21','admin','2017-10-13 16:06:00','admin','',0),(174,NULL,'银行限额管理',NULL,NULL,'','',1,'2017-10-18 09:46:33','admin','2017-10-18 09:46:58','admin','',0),(175,NULL,'人工交易重试',174,1,'','bankManagement/PersonExchangeRetry',1,'2017-10-18 09:48:17','admin',NULL,NULL,'',0);

/*Data for the table `power` */

insert  into `power`(`id`,`menu_id`,`operation_code`,`name`,`request_url`,`remark`,`create_time`,`create_by`,`modify_time`,`modify_by`,`delete_flag`) values (12,85,'Select','系统管理-查询',NULL,'','2017-02-28 09:59:18','3',NULL,NULL,0),(17,86,'Select','菜单管理-查询',NULL,'','2017-02-28 10:02:38','3',NULL,NULL,0),(34,87,'Select','角色管理-查询',NULL,'','2017-03-01 16:40:57','3',NULL,NULL,0),(36,90,'Select','权限管理-查询',NULL,'','2017-03-01 16:41:24','3',NULL,NULL,0),(62,86,'Add','菜单管理-新增',NULL,'','2017-03-07 10:43:05','1',NULL,NULL,0),(63,90,'Add','权限管理-新增',NULL,'','2017-03-07 10:43:16','1',NULL,NULL,0),(64,87,'Add','角色管理-新增',NULL,'','2017-03-07 10:43:33','1',NULL,NULL,0),(88,89,'Add','用户管理-新增',NULL,'','2017-05-11 14:10:30','1','2017-05-11 14:10:35',NULL,0),(89,77,'Add','客户信息查询-新增',NULL,'','2017-05-11 14:26:17','1','2017-05-12 09:56:45','1',1),(90,78,'Add','企业证照认证-新增',NULL,'','2017-05-11 14:26:25','1','2017-05-12 09:57:12','1',1),(91,88,'Add','法人资料认证-新增',NULL,'','2017-05-11 14:26:32','1','2017-05-12 09:57:02','1',1),(92,95,'Add','业务单查询-新增',NULL,'','2017-05-11 14:26:40','1','2017-05-12 14:25:31','1',1),(93,96,'Add','批次对账-新增',NULL,'','2017-05-11 14:26:48','1','2017-05-12 14:25:28','1',1),(94,97,'Add','补单-新增',NULL,'','2017-05-11 14:26:58','1','2017-05-12 14:25:26','1',1),(95,117,'Add','还款计划-新增',NULL,'','2017-05-11 14:27:13','1','2017-05-12 14:25:23','1',1),(96,80,'Add','资产仓库-新增',NULL,'','2017-05-11 14:27:22','1','2017-05-12 14:25:20','1',1),(97,82,'Add','资产池-新增',NULL,'','2017-05-11 14:27:31','1','2017-05-12 14:25:17','1',1),(98,81,'Add','资产入库-新增',NULL,'','2017-05-11 14:27:40','1','2017-05-12 14:25:37','1',1),(99,84,'Add','交易确认-新增',NULL,'','2017-05-11 14:27:49','1','2017-05-12 14:25:41','1',1),(100,125,'Add','披露信息-新增',NULL,'','2017-05-11 14:27:57','1','2017-05-12 14:25:44','1',1),(101,74,'Add','产品线管理-新增',NULL,'','2017-05-11 14:28:05','1','2017-05-12 14:25:48','1',1),(102,113,'Add','产品管理-新增',NULL,'','2017-05-11 14:28:14','1','2017-05-12 14:26:21','1',1),(103,99,'Add','产品注册-新增',NULL,'','2017-05-11 14:28:24','1','2017-05-12 14:25:13','1',1),(104,101,'Add','定期到期兑付-新增',NULL,'','2017-05-11 14:28:35','1','2017-05-11 18:38:56','1',1),(105,103,'Add','个人信息-新增',NULL,'','2017-05-11 14:28:45','1','2017-05-12 14:25:58','1',1),(106,104,'Add','密码修改-新增',NULL,'','2017-05-11 14:28:54','1','2017-05-12 14:25:54','1',1),(107,93,'Add','字典管理-新增',NULL,'','2017-05-11 14:29:29','1','2017-05-11 14:29:35',NULL,0),(108,94,'Add','日志查询-新增',NULL,'','2017-05-11 14:29:38','1','2017-06-15 14:49:13','admin',1),(109,126,'Add','回款管理-新增',NULL,'','2017-05-12 14:37:41','1','2017-05-12 14:37:46',NULL,0),(110,127,'Add','基础资产管理-新增',NULL,'','2017-05-12 14:37:48','1','2017-05-12 14:37:53',NULL,0),(111,128,'Add','资产审核-新增',NULL,'','2017-05-12 14:37:55','1','2017-05-12 14:38:00',NULL,0),(112,129,'Add','发行方管理-新增',NULL,'','2017-05-12 14:38:02','1','2017-05-12 14:38:08',NULL,0),(113,130,'Add','承销方管理-新增',NULL,'','2017-05-12 14:38:11','1','2017-06-12 11:01:16','admin',1),(114,131,'Add','委托方管理-新增',NULL,'','2017-05-12 14:38:19','1','2017-06-12 11:00:11','admin',1),(115,132,'Add','交易所管理-新增',NULL,'','2017-05-12 14:38:27','1','2017-06-15 14:51:53','admin',1),(116,133,'Add','项目管理 project-新增',NULL,'','2017-05-12 14:38:39','1','2017-06-15 14:52:02','admin',1),(117,135,'Add','资产池管理 assetpool-新增',NULL,'','2017-05-12 14:38:46','1','2017-05-12 14:38:51',NULL,0),(118,137,'Add','产品管理 product-新增',NULL,'','2017-05-12 14:38:56','1','2017-05-12 14:39:01',NULL,0),(119,138,'Add','产品注册 product/add-新增',NULL,'','2017-05-12 14:39:05','1','2017-05-12 14:39:10',NULL,0),(120,139,'Add','产品审核 product/audit-新增',NULL,'','2017-05-12 14:39:14','1','2017-05-12 14:39:19',NULL,0),(121,140,'Add','披露信息管理-新增',NULL,'','2017-05-12 14:40:08','1','2017-05-12 14:40:13',NULL,0),(122,131,'Select','受托方管理-查询',NULL,'受托方管理','2017-06-12 11:00:35','admin','2017-06-15 14:51:39','admin',1),(123,131,'Add','受托方管理-新增',NULL,'','2017-06-12 11:02:11','admin','2017-06-15 14:51:36','admin',1),(124,146,'Add','对公虚拟账户管理-新增',NULL,'','2017-06-16 10:34:14','admin','2017-06-16 10:36:07',NULL,0),(125,149,'Add','授信资产批量录入-新增',NULL,'','2017-06-26 10:02:14','admin',NULL,NULL,0),(126,150,'Add','授信资产录入审核-新增',NULL,'','2017-06-26 10:02:23','admin',NULL,NULL,0),(127,151,'Add','授信资产合同生成-新增',NULL,'','2017-06-26 10:12:35','admin',NULL,NULL,0),(128,153,'Add','交易状态查询-新增',NULL,'','2017-06-26 10:24:22','admin',NULL,NULL,0),(129,154,'Add','银行信息管理-新增',NULL,'','2017-06-26 10:24:30','admin',NULL,NULL,0),(130,155,'Add','对账结果查询-新增',NULL,'','2017-06-26 10:24:38','admin',NULL,NULL,0),(131,156,'Add','选择备案资产-新增',NULL,'','2017-06-27 10:36:39','admin',NULL,NULL,0),(132,157,'Add','更新备案状态-新增',NULL,'','2017-06-27 10:36:49','admin',NULL,NULL,0),(133,158,'Add','备案合同生成-新增',NULL,'','2017-06-27 10:36:57','admin',NULL,NULL,0),(134,160,'Select','授信资产录入终审-查询',NULL,'','2017-07-03 11:01:31','admin',NULL,NULL,0),(135,162,'Add','个人信息-新增',NULL,'','2017-07-04 17:09:52','yinshipeng',NULL,NULL,0),(136,163,'Modify','修改密码-修改',NULL,'','2017-07-04 17:09:59','yinshipeng',NULL,NULL,0),(137,164,'Select','授信资产统计报表-查询',NULL,'','2017-07-07 14:47:50','admin',NULL,NULL,0),(138,153,'Select','交易状态查询-查询',NULL,'','2017-07-12 14:03:05','admin',NULL,NULL,0),(139,155,'Select','对账结果查询-查询',NULL,'','2017-07-12 14:03:27','admin',NULL,NULL,0),(140,165,'Add','备案记录-新增',NULL,'','2017-07-28 11:39:33','admin',NULL,NULL,0),(141,166,'Select','多交易所备案清算统计报表-查询',NULL,'','2017-07-31 14:25:08','admin',NULL,NULL,0),(142,168,'Modify','button-修改',NULL,'','2017-08-02 18:58:09','admin','2017-08-02 19:00:43','admin',1),(143,171,'Select','交易所用户管理-查询',NULL,'','2017-10-11 17:58:20','admin',NULL,NULL,0),(144,172,'Select','还款兑付-查询',NULL,'还款兑付-查询','2017-10-13 10:30:44','admin',NULL,NULL,0),(145,173,'Add','逾期兑付-新增',NULL,'','2017-10-13 14:48:01','admin',NULL,NULL,0),(146,175,'Add','人工交易重试-新增',NULL,'','2017-10-18 09:48:36','admin',NULL,NULL,0);

/*Data for the table `role` */

insert  into `role`(`id`,`name`,`sign_level`,`create_time`,`create_by`,`modify_by`,`modify_time`,`remark`,`delete_flag`) values (1,'admin',NULL,'2017-02-23 14:33:55','1','3','2017-03-02 08:32:09','拥有所有操作权限',0),(2,'boss',NULL,'2017-06-06 14:45:06','admin','admin','2017-06-06 14:45:17','打boss',1),(3,'guest','ASSET_APPROVE_LEVEL1','2017-06-21 16:14:37','admin','admin','2017-08-04 09:49:14','部分权限',0),(4,'授信资产一审',NULL,'2017-06-29 18:01:28','admin','admin','2017-06-30 10:27:27','',1),(5,'客服岗','ASSET_APPROVE_LEVEL2','2017-06-30 15:06:42','admin','admin','2017-07-14 11:02:34','客服岗',0),(6,'审核岗','ASSET_APPROVE_LEVEL1','2017-06-30 15:11:35','admin','admin','2017-07-14 11:02:08','审核岗',0),(7,'合同岗',NULL,'2017-07-14 11:03:03','admin',NULL,NULL,'合同岗',0),(8,'资管岗',NULL,'2017-07-14 11:03:14','admin',NULL,NULL,'资管岗',0),(9,'产品发行岗',NULL,'2017-07-14 11:03:25','admin',NULL,NULL,'产品发行岗',0);

/*Data for the table `role_power` */

insert  into `role_power`(`id`,`create_time`,`create_by`,`modify_time`,`modify_by`,`role_id`,`power_id`) values (2484,'2017-07-14 11:16:29','admin',NULL,NULL,8,110),(2485,'2017-07-14 11:16:29','admin',NULL,NULL,8,125),(2486,'2017-07-14 11:16:29','admin',NULL,NULL,8,137),(2487,'2017-07-14 11:16:29','admin',NULL,NULL,8,135),(2488,'2017-07-14 11:16:29','admin',NULL,NULL,8,136),(2489,'2017-07-14 11:16:33','admin',NULL,NULL,7,127),(2490,'2017-07-14 11:16:33','admin',NULL,NULL,7,135),(2491,'2017-07-14 11:16:33','admin',NULL,NULL,7,136),(2507,'2017-07-28 11:40:39','admin',NULL,NULL,9,117),(2508,'2017-07-28 11:40:39','admin',NULL,NULL,9,133),(2509,'2017-07-28 11:40:39','admin',NULL,NULL,9,140),(2510,'2017-07-28 11:40:39','admin',NULL,NULL,9,137),(2511,'2017-07-28 11:40:39','admin',NULL,NULL,9,135),(2512,'2017-07-28 11:40:39','admin',NULL,NULL,9,136),(3097,'2017-08-03 15:02:51','admin',NULL,NULL,5,110),(3098,'2017-08-03 15:02:51','admin',NULL,NULL,5,111),(3099,'2017-08-03 15:02:51','admin',NULL,NULL,5,112),(3100,'2017-08-03 15:02:51','admin',NULL,NULL,5,125),(3101,'2017-08-03 15:02:51','admin',NULL,NULL,5,126),(3102,'2017-08-03 15:02:51','admin',NULL,NULL,5,127),(3103,'2017-08-03 15:02:51','admin',NULL,NULL,5,134),(3128,'2017-08-03 15:04:29','admin',NULL,NULL,6,110),(3129,'2017-08-03 15:04:29','admin',NULL,NULL,6,111),(3130,'2017-08-03 15:04:29','admin',NULL,NULL,6,112),(3131,'2017-08-03 15:04:29','admin',NULL,NULL,6,125),(3132,'2017-08-03 15:04:29','admin',NULL,NULL,6,126),(3133,'2017-08-03 15:04:29','admin',NULL,NULL,6,127),(3134,'2017-08-03 15:04:29','admin',NULL,NULL,6,134),(3135,'2017-08-03 15:04:29','admin',NULL,NULL,6,62),(3136,'2017-08-03 15:04:29','admin',NULL,NULL,6,17),(3137,'2017-08-03 15:04:29','admin',NULL,NULL,6,64),(3138,'2017-08-03 15:04:29','admin',NULL,NULL,6,34),(3139,'2017-08-03 15:04:29','admin',NULL,NULL,6,88),(3140,'2017-08-03 15:04:29','admin',NULL,NULL,6,63),(3141,'2017-08-03 15:04:29','admin',NULL,NULL,6,36),(3142,'2017-08-03 15:04:29','admin',NULL,NULL,6,107),(3143,'2017-08-03 15:04:29','admin',NULL,NULL,6,109),(3144,'2017-08-03 15:04:29','admin',NULL,NULL,6,117),(3145,'2017-08-03 15:04:29','admin',NULL,NULL,6,133),(3146,'2017-08-03 15:04:29','admin',NULL,NULL,6,140),(3147,'2017-08-03 15:04:29','admin',NULL,NULL,6,118),(3148,'2017-08-03 15:04:29','admin',NULL,NULL,6,119),(3149,'2017-08-03 15:04:29','admin',NULL,NULL,6,120),(3150,'2017-08-03 15:04:29','admin',NULL,NULL,6,121),(3151,'2017-08-03 15:04:29','admin',NULL,NULL,6,124),(3152,'2017-08-03 15:04:29','admin',NULL,NULL,6,138),(3153,'2017-08-03 15:04:29','admin',NULL,NULL,6,128),(3154,'2017-08-03 15:04:29','admin',NULL,NULL,6,129),(3155,'2017-08-03 15:04:29','admin',NULL,NULL,6,139),(3156,'2017-08-03 15:04:29','admin',NULL,NULL,6,130),(3157,'2017-08-03 15:04:29','admin',NULL,NULL,6,137),(3158,'2017-08-03 15:04:29','admin',NULL,NULL,6,141),(3159,'2017-08-03 15:04:29','admin',NULL,NULL,6,135),(3160,'2017-08-03 15:04:29','admin',NULL,NULL,6,136),(3174,'2017-08-04 09:51:37','admin',NULL,NULL,3,110),(3175,'2017-08-04 09:51:37','admin',NULL,NULL,3,111),(3176,'2017-08-04 09:51:37','admin',NULL,NULL,3,112),(3177,'2017-08-04 09:51:37','admin',NULL,NULL,3,125),(3178,'2017-08-04 09:51:37','admin',NULL,NULL,3,126),(3179,'2017-08-04 09:51:37','admin',NULL,NULL,3,127),(3273,'2017-10-18 09:48:47','admin',NULL,NULL,1,110),(3274,'2017-10-18 09:48:47','admin',NULL,NULL,1,111),(3275,'2017-10-18 09:48:47','admin',NULL,NULL,1,112),(3276,'2017-10-18 09:48:47','admin',NULL,NULL,1,125),(3277,'2017-10-18 09:48:47','admin',NULL,NULL,1,127),(3278,'2017-10-18 09:48:47','admin',NULL,NULL,1,62),(3279,'2017-10-18 09:48:47','admin',NULL,NULL,1,17),(3280,'2017-10-18 09:48:47','admin',NULL,NULL,1,64),(3281,'2017-10-18 09:48:47','admin',NULL,NULL,1,34),(3282,'2017-10-18 09:48:47','admin',NULL,NULL,1,88),(3283,'2017-10-18 09:48:47','admin',NULL,NULL,1,63),(3284,'2017-10-18 09:48:47','admin',NULL,NULL,1,36),(3285,'2017-10-18 09:48:47','admin',NULL,NULL,1,107),(3286,'2017-10-18 09:48:47','admin',NULL,NULL,1,109),(3287,'2017-10-18 09:48:47','admin',NULL,NULL,1,117),(3288,'2017-10-18 09:48:47','admin',NULL,NULL,1,133),(3289,'2017-10-18 09:48:47','admin',NULL,NULL,1,118),(3290,'2017-10-18 09:48:47','admin',NULL,NULL,1,119),(3291,'2017-10-18 09:48:47','admin',NULL,NULL,1,120),(3292,'2017-10-18 09:48:47','admin',NULL,NULL,1,121),(3293,'2017-10-18 09:48:47','admin',NULL,NULL,1,124),(3294,'2017-10-18 09:48:47','admin',NULL,NULL,1,138),(3295,'2017-10-18 09:48:47','admin',NULL,NULL,1,128),(3296,'2017-10-18 09:48:47','admin',NULL,NULL,1,143),(3297,'2017-10-18 09:48:47','admin',NULL,NULL,1,137),(3298,'2017-10-18 09:48:47','admin',NULL,NULL,1,141),(3299,'2017-10-18 09:48:47','admin',NULL,NULL,1,144),(3300,'2017-10-18 09:48:47','admin',NULL,NULL,1,145),(3301,'2017-10-18 09:48:47','admin',NULL,NULL,1,135),(3302,'2017-10-18 09:48:47','admin',NULL,NULL,1,136),(3303,'2017-10-18 09:48:47','admin',NULL,NULL,1,146);

/*Data for the table `user` */

insert  into `user`(`id`,`create_time`,`create_by`,`modify_time`,`modify_by`,`name`,`password`,`email`,`mobile`,`real_name`,`delete_flag`) values (56,'2016-12-28 09:21:53','0','2017-03-09 16:15:26','1','admin','0192023A7BBD73250516F069DF18B500','4444@zillionfortune.com','13112345222','管理员',0),(57,'2017-06-21 16:16:50','admin',NULL,NULL,'guest','FCF41657F02F88137A1BCF068A32C0A3','zillion@zillion.com','13800000000','guest',0);

/*Data for the table `user_role` */

insert  into `user_role`(`id`,`user_id`,`role_id`,`create_time`,`create_by`,`modify_by`,`modify_time`) values (23,1,1,'2017-03-07 11:29:43','0',NULL,NULL),(75,56,1,'2017-07-03 15:38:01','admin',NULL,NULL),(76,56,6,'2017-07-03 15:38:01','admin',NULL,NULL),(77,56,5,'2017-07-03 15:38:01','admin',NULL,NULL),(80,63,5,'2017-07-06 10:24:47','admin',NULL,NULL),(81,61,6,'2017-07-06 10:25:33','admin',NULL,NULL),(85,64,6,'2017-07-13 18:44:56','admin',NULL,NULL),(86,64,5,'2017-07-13 18:44:56','admin',NULL,NULL),(87,64,3,'2017-07-13 18:44:56','admin',NULL,NULL),(88,65,6,'2017-07-14 10:49:50','admin',NULL,NULL),(89,66,6,'2017-07-14 10:49:56','admin',NULL,NULL),(90,67,6,'2017-07-14 10:50:01','admin',NULL,NULL),(92,69,5,'2017-07-14 10:55:45','admin',NULL,NULL),(93,70,5,'2017-07-14 10:55:50','admin',NULL,NULL),(94,71,7,'2017-07-14 11:09:51','admin',NULL,NULL),(95,72,7,'2017-07-14 11:09:56','admin',NULL,NULL),(96,73,7,'2017-07-14 11:10:01','admin',NULL,NULL),(97,74,7,'2017-07-14 11:10:08','admin',NULL,NULL),(98,75,7,'2017-07-14 11:10:14','admin',NULL,NULL),(99,76,8,'2017-07-14 11:10:40','admin',NULL,NULL),(100,77,8,'2017-07-14 11:10:44','admin',NULL,NULL),(101,78,8,'2017-07-14 11:10:48','admin',NULL,NULL),(102,79,9,'2017-07-14 11:11:00','admin',NULL,NULL),(103,80,9,'2017-07-14 11:11:08','admin',NULL,NULL),(104,81,9,'2017-07-14 11:11:11','admin',NULL,NULL),(106,68,6,'2017-07-28 11:41:38','admin',NULL,NULL),(107,68,1,'2017-07-28 11:41:38','admin',NULL,NULL),(109,57,3,'2017-08-01 15:39:06','admin',NULL,NULL);