/*
SQLyog 企业版 - MySQL GUI v8.14 
MySQL - 5.6.19-67.0-log : Database - boss
*********************************************************************
*/

/*!40101 SET NAMES utf8 */;

/*!40101 SET SQL_MODE=''*/;

/*!40014 SET @OLD_UNIQUE_CHECKS=@@UNIQUE_CHECKS, UNIQUE_CHECKS=0 */;
/*!40014 SET @OLD_FOREIGN_KEY_CHECKS=@@FOREIGN_KEY_CHECKS, FOREIGN_KEY_CHECKS=0 */;
/*!40101 SET @OLD_SQL_MODE=@@SQL_MODE, SQL_MODE='NO_AUTO_VALUE_ON_ZERO' */;
/*!40111 SET @OLD_SQL_NOTES=@@SQL_NOTES, SQL_NOTES=0 */;
CREATE DATABASE /*!32312 IF NOT EXISTS*/`boss` /*!40100 DEFAULT CHARACTER SET utf8 COLLATE utf8_unicode_ci */;

USE `boss`;

/*Data for the table `dictionary` */

insert  into `dictionary`(`id`,`name`,`code`,`key`,`value`,`create_by`,`create_time`,`modify_by`,`modify_time`,`remark`,`status`,`seq`,`delete_flag`) values (61,'是否有效','isValid','',NULL,'1','2017-05-11 18:21:03',NULL,'2017-07-13 19:06:30','1表示有效 2表示无效',NULL,NULL,0),(62,'是否有效','isValid','1','有效','1','2017-05-11 18:21:03',NULL,'2017-07-13 19:06:31','1表示有效 2表示无效',1,1,0),(63,'是否有效','isValid','2','无效','SYS','2017-05-11 18:21:03','admin','2017-07-13 19:06:35','1表示有效 2表示无效',1,2,0),(64,'证件类型（ 不含身份证）','issuerCardTypeDict','',NULL,'1','2017-05-11 18:21:03',NULL,'2017-05-25 14:02:16','发行方证件类型：2统一社会信用代码 3营业执照号',NULL,NULL,0),(65,'证件类型（ 不含身份证）','issuerCardTypeDict','2','统一社会信用代码','1','2017-05-11 18:21:03',NULL,'2017-05-25 14:02:16','发行方证件类型：2统一社会信用代码 3营业执照号',1,1,0),(66,'证件类型（ 不含身份证）','issuerCardTypeDict','3','营业执照号','1','2017-05-11 18:21:03',NULL,'2017-05-25 14:02:16','发行方证件类型：2统一社会信用代码 3营业执照号',1,2,0),(77,'产品类型','productTypeDict','',NULL,'1','2017-05-11 18:21:03','admin','2017-08-18 14:59:45','【02】定期【04】N日阶梯',NULL,NULL,0),(78,'产品类型','productTypeDict','04','N日阶梯','1','2017-05-11 18:21:03','admin','2017-08-18 14:59:45','【02】定期【04】N日阶梯',1,4,0),(81,'融资类型','financeTypeDict','',NULL,'1','2017-05-11 18:21:03','admin','2017-08-09 16:20:05','1：个人贷款；2：企业贷款	；3：融资租赁	；4	应收账款	；5	个人贷款收益权 ；6：企业贷款收益权；7：融资租赁收益权；8	应收账款收益权',NULL,NULL,0),(82,'融资类型','financeTypeDict','1','个人贷款','SYS','2017-05-11 18:21:03','admin','2017-08-10 15:15:22','1：个人贷款；2：企业贷款	；3：融资租赁	；4	应收账款	；5	个人贷款收益权 ；6：企业贷款收益权；7：融资租赁收益权；8	应收账款收益权',1,1,0),(83,'融资类型','financeTypeDict','2','企业贷款','SYS','2017-05-11 18:21:03','admin','2017-08-09 16:27:56','1：个人贷款；2：企业贷款	；3：融资租赁	；4	应收账款	；5	个人贷款收益权 ；6：企业贷款收益权；7：融资租赁收益权；8	应收账款收益权',1,2,0),(84,'融资类型','financeTypeDict','3','融资租赁','SYS','2017-05-11 18:21:03','admin','2017-08-09 16:28:08','1：个人贷款；2：企业贷款	；3：融资租赁	；4	应收账款	；5	个人贷款收益权 ；6：企业贷款收益权；7：融资租赁收益权；8	应收账款收益权',1,3,0),(85,'资产池类型','assetPoolTypeDict','',NULL,'1','2017-05-11 18:21:03','admin','2017-06-15 13:56:09','【1】定向委托收益池',NULL,NULL,0),(86,'资产池类型','assetPoolTypeDict','1','定向委托收益池','1','2017-05-11 18:21:03','admin','2017-06-15 13:56:09','【1】定向委托收益池',1,1,0),(96,'资金结算方','settlementPartyDict','',NULL,'1','2017-05-11 18:21:03','admin','2017-09-20 09:44:22','【01】贺毓；【02】欢迹定期;【03】融早；【04】巧备；【05】嘉盼定期【06】马上贷',NULL,NULL,0),(97,'资金结算方','settlementPartyDict','01','贺毓','SYS','2017-05-11 18:21:03','admin','2017-09-20 09:44:22','【01】贺毓；【02】欢迹定期;【03】融早；【04】巧备；【05】嘉盼定期【06】马上贷',1,1,0),(98,'产品日历','menologyDict','',NULL,'1','2017-05-11 18:21:03','admin','2017-06-14 10:50:33','【10】自然日24点： 每个自然日0:00到23:59:59为一天',NULL,NULL,0),(99,'产品日历','menologyDict','10','自然日','1','2017-05-11 18:21:03','admin','2017-06-14 10:50:33','【10】自然日24点： 每个自然日0:00到23:59:59为一天',1,1,0),(100,'还款方式','repaymentModeDict','',NULL,'1','2017-05-11 18:21:03','admin','2017-06-14 10:21:54','【1】本息一次性偿还（到期还本付息【2】每月付息，到期还本【3】等额本息【4】等额本金【5】利息自动拨付、本金复投',NULL,NULL,0),(101,'还款方式','repaymentModeDict','1','本息一次性偿还（到期还本付息）','SYS','2017-05-11 18:21:03','admin','2017-06-14 10:47:16','【1】本息一次性偿还（到期还本付息【2】每月付息，到期还本【3】等额本息【4】等额本金【5】利息自动拨付、本金复投',1,1,0),(102,'还款方式','repaymentModeDict','2','每月付息，到期还本','SYS','2017-05-11 18:21:03','admin','2017-06-14 10:21:54','【1】本息一次性偿还（到期还本付息【2】每月付息，到期还本【3】等额本息【4】等额本金【5】利息自动拨付、本金复投',1,2,0),(103,'还款方式','repaymentModeDict','3','等额本息','SYS','2017-05-11 18:21:03','admin','2017-06-14 10:21:54','【1】本息一次性偿还（到期还本付息【2】每月付息，到期还本【3】等额本息【4】等额本金【5】利息自动拨付、本金复投',1,3,0),(104,'还款方式','repaymentModeDict','4','等额本金','SYS','2017-05-11 18:21:03','admin','2017-06-14 10:21:54','【1】本息一次性偿还（到期还本付息【2】每月付息，到期还本【3】等额本息【4】等额本金【5】利息自动拨付、本金复投',1,4,0),(105,'还款方式','repaymentModeDict','5','利息自动拨付、本金复投','SYS','2017-05-11 18:21:03','admin','2017-06-14 10:21:54','【1】本息一次性偿还（到期还本付息【2】每月付息，到期还本【3】等额本息【4】等额本金【5】利息自动拨付、本金复投',1,5,0),(106,'销售状态','sellStatusDict','',NULL,'1','2017-05-11 18:21:03','1','2017-05-11 18:41:49','10:待部署, 11:已部署，12:上线, 13:下线, 14:归档',NULL,NULL,0),(107,'销售状态','sellStatusDict','11','已布署','1','2017-05-11 18:21:03','1','2017-05-11 18:41:49','10:待部署, 11:已部署，12:上线, 13:下线, 14:归档',1,1,0),(108,'销售状态','sellStatusDict','12','上线','1','2017-05-11 18:21:03','1','2017-05-11 18:41:49','10:待部署, 11:已部署，12:上线, 13:下线, 14:归档',1,2,0),(109,'销售状态','sellStatusDict','13','下线','1','2017-05-11 18:21:03','1','2017-05-11 18:41:49','10:待部署, 11:已部署，12:上线, 13:下线, 14:归档',1,3,0),(110,'销售状态','sellStatusDict','14','归档','1','2017-05-11 18:21:03','1','2017-05-11 18:41:49','10:待部署, 11:已部署，12:上线, 13:下线, 14:归档',1,4,0),(111,'风险等级','riskGradeDict','','','1','2017-05-11 18:21:03',NULL,'2017-05-11 18:21:03','风险等级，等级分别为1～5',NULL,NULL,0),(112,'风险等级','riskGradeDict','1','R1','1','2017-05-11 18:21:03','1','2017-05-11 18:39:59','风险等级，等级分别为1～5',1,1,0),(113,'风险等级','riskGradeDict','2','R2','SYS','2017-05-11 18:21:03','admin','2017-07-08 14:36:36','风险等级，等级分别为1～5',1,7,0),(114,'风险等级','riskGradeDict','3','R3','1','2017-05-11 18:21:03','1','2017-05-11 18:40:23','风险等级，等级分别为1～5',1,3,0),(115,'风险等级','riskGradeDict','4','R4','SYS','2017-05-11 18:21:03','admin','2017-08-23 14:08:33','风险等级，等级分别为1～5',1,4,0),(116,'风险等级','riskGradeDict','5','R5','1','2017-05-11 18:21:03','1','2017-05-11 18:40:41','风险等级，等级分别为1～5',1,5,0),(117,'文件类型','documentTypeDict','',NULL,'1','2017-05-11 18:21:03','admin','2017-06-15 13:54:03','【1】pdf;【2】word',NULL,NULL,0),(118,'文件类型','documentTypeDict','1','pdf','SYS','2017-05-11 18:21:03','admin','2017-06-15 13:54:03','【1】pdf;【2】word',1,1,0),(121,'渠道','channelDict','',NULL,'1','2017-05-11 18:21:03','admin','2017-10-21 18:12:14','01:资邦阶梯；02：资邦定期',NULL,NULL,0),(122,'渠道','channelDict','01','资邦阶梯','1','2017-05-11 18:21:03','admin','2017-10-21 18:12:14','01:资邦阶梯；02：资邦定期',1,1,0),(123,'销售状态','sellStatusDict','10','待部署','1','2017-05-16 11:08:40','1','2017-05-11 18:41:49','10:待部署, 11:已部署，12:上线, 13:下线, 14:归档',1,0,0),(125,'审核状态','auitStatusDict','','','1','2017-05-16 11:08:40',NULL,NULL,'10:待审核, 20:已审核, 30:审核未通过',NULL,NULL,0),(126,'审核状态','auitStatusDict','10','待审核','1','2017-05-16 11:08:40',NULL,NULL,'10:待审核, 20:已审核, 30:审核未通过',1,1,0),(127,'审核状态','auitStatusDict','20','已审核','1','2017-05-16 11:08:40',NULL,NULL,'10:待审核, 20:已审核, 30:审核未通过',1,2,0),(128,'审核状态','auitStatusDict','30','审核未通过','1','2017-05-16 11:08:40','1','2017-05-12 10:18:36','10:待审核, 20:已审核, 30:审核未通过',1,3,0),(130,'交易结构','tradeStructDict','',NULL,'1','2017-05-24 15:13:07','admin','2018-04-27 14:34:34','1:定向委托；2：p2p实时放款；3：交易所挂摘牌：5：P2P计划类产品',NULL,NULL,0),(131,'交易结构','tradeStructDict','1','定向委托','1','2017-05-24 15:14:00','admin','2018-04-27 14:34:34','1:定向委托；2：p2p实时放款；3：交易所挂摘牌：5：P2P计划类产品',1,1,0),(133,'证件类型','cardTypeDict','',NULL,'1','2017-05-25 13:59:09',NULL,'2017-05-25 14:01:59','1居民身份证2统一社会信用代码 3营业执照号',NULL,NULL,0),(134,'证件类型','cardTypeDict','1','身份证','1','2017-05-25 13:59:57',NULL,'2017-05-25 14:01:59','1居民身份证2统一社会信用代码 3营业执照号',1,1,0),(135,'证件类型','cardTypeDict','2','统一社会信用代码','1','2017-05-25 14:00:55',NULL,'2017-05-25 14:01:59','1居民身份证2统一社会信用代码 3营业执照号',1,2,0),(136,'证件类型','cardTypeDict','3','营业执照号','1','2017-05-25 14:01:20',NULL,'2017-05-25 14:01:59','1居民身份证2统一社会信用代码 3营业执照号',1,3,0),(137,'销售渠道','sellChannelDict','',NULL,'admin','2017-06-06 10:52:43','admin','2018-02-28 13:38:59','GAN唐小僧',NULL,NULL,0),(138,'销售渠道','sellChannelDict','TXS','唐小僧','SYS','2017-06-06 11:08:36','admin','2018-02-28 13:38:59','GAN唐小僧',0,1,0),(139,'销售渠道','sellChannelDict','YW','摇旺','SYS','2017-06-06 11:09:05','admin','2018-02-28 13:38:59','GAN唐小僧',0,2,0),(140,'销售渠道','sellChannelDict','QYLC','企业理财','SYS','2017-06-06 11:09:24','admin','2018-02-28 13:38:59','GAN唐小僧',0,3,0),(141,'文件类型','documentTypeDict','2','word','admin','2017-06-06 14:50:19','admin','2017-06-15 13:54:03','【1】pdf;【2】word',1,2,0),(142,'资金结算方','settlementPartyDict','02','欢迹定期','admin','2017-06-09 15:06:16','admin','2017-09-20 09:44:22','【01】贺毓；【02】欢迹定期;【03】融早；【04】巧备；【05】嘉盼定期【06】马上贷',1,2,0),(143,'资金结算方','settlementPartyDict','03','融早','admin','2017-06-09 15:06:32','admin','2017-09-20 09:44:22','【01】贺毓；【02】欢迹定期;【03】融早；【04】巧备；【05】嘉盼定期【06】马上贷',1,3,0),(144,'资金结算方','settlementPartyDict','04','巧备','admin','2017-06-09 15:06:52','admin','2017-09-20 09:44:22','【01】贺毓；【02】欢迹定期;【03】融早；【04】巧备；【05】嘉盼定期【06】马上贷',1,4,0),(145,'资金结算方','settlementPartyDict','05','嘉盼定期','admin','2017-06-09 15:07:14','admin','2017-09-20 09:44:22','【01】贺毓；【02】欢迹定期;【03】融早；【04】巧备；【05】嘉盼定期【06】马上贷',1,5,0),(154,'募集状态（产品）','collectStatusDict','','','admin','2017-06-20 11:15:07','admin','2018-03-07 19:54:36','10:待募集，11:募集期，12:待成立，13:已成立，14:存续期，15:到期，16:待兑付，17:兑付完成, 18:流标，19:兑付中，20:兑付逾期，21:兑付失败',NULL,NULL,0),(155,'募集状态（产品）','collectStatusDict','10','待募集','admin','2017-06-20 11:15:46','admin','2018-03-07 19:54:36','10:待募集，11:募集期，12:待成立，13:已成立，14:存续期，15:到期，16:待兑付，17:兑付完成, 18:流标，19:兑付中，20:兑付逾期，21:兑付失败',1,1,0),(156,'募集状态（产品）','collectStatusDict','11','募集期','admin','2017-06-20 11:16:02','admin','2018-03-07 19:54:36','10:待募集，11:募集期，12:待成立，13:已成立，14:存续期，15:到期，16:待兑付，17:兑付完成, 18:流标，19:兑付中，20:兑付逾期，21:兑付失败',1,2,0),(157,'募集状态（产品）','collectStatusDict','12','待成立','SYS','2017-06-20 11:16:21','admin','2018-03-07 19:54:36','10:待募集，11:募集期，12:待成立，13:已成立，14:存续期，15:到期，16:待兑付，17:兑付完成, 18:流标，19:兑付中，20:兑付逾期，21:兑付失败',1,3,0),(158,'募集状态（产品）','collectStatusDict','13','已成立','SYS','2017-06-20 11:16:51','admin','2018-03-07 19:54:36','10:待募集，11:募集期，12:待成立，13:已成立，14:存续期，15:到期，16:待兑付，17:兑付完成, 18:流标，19:兑付中，20:兑付逾期，21:兑付失败',1,4,0),(159,'募集状态（产品）','collectStatusDict','14','存续期','admin','2017-06-20 11:17:58','admin','2018-03-07 19:54:36','10:待募集，11:募集期，12:待成立，13:已成立，14:存续期，15:到期，16:待兑付，17:兑付完成, 18:流标，19:兑付中，20:兑付逾期，21:兑付失败',1,5,0),(160,'募集状态（产品）','collectStatusDict','15','到期','admin','2017-06-20 11:18:19','admin','2018-03-07 19:54:36','10:待募集，11:募集期，12:待成立，13:已成立，14:存续期，15:到期，16:待兑付，17:兑付完成, 18:流标，19:兑付中，20:兑付逾期，21:兑付失败',1,6,0),(161,'募集状态（产品）','collectStatusDict','16','待兑付','admin','2017-06-20 11:18:47','admin','2018-03-07 19:54:36','10:待募集，11:募集期，12:待成立，13:已成立，14:存续期，15:到期，16:待兑付，17:兑付完成, 18:流标，19:兑付中，20:兑付逾期，21:兑付失败',1,7,0),(162,'募集状态（产品）','collectStatusDict','17','兑付完成','admin','2017-06-20 11:19:06','admin','2018-03-07 19:54:36','10:待募集，11:募集期，12:待成立，13:已成立，14:存续期，15:到期，16:待兑付，17:兑付完成, 18:流标，19:兑付中，20:兑付逾期，21:兑付失败',1,8,0),(163,'募集状态（产品）','collectStatusDict','18','流标','admin','2017-06-20 11:19:25','admin','2018-03-07 19:54:36','10:待募集，11:募集期，12:待成立，13:已成立，14:存续期，15:到期，16:待兑付，17:兑付完成, 18:流标，19:兑付中，20:兑付逾期，21:兑付失败',1,9,0),(164,'募集状态（资产）','raiseStatusDict','','','admin','2017-06-20 14:39:44','admin','2017-06-22 15:47:05','待审批、待成立、成立、不可用',NULL,NULL,0),(165,'募集状态（资产）','raiseStatusDict','10','待审核','admin','2017-06-20 14:41:14','admin','2017-06-22 15:47:05','待审批、待成立、成立、不可用',1,1,0),(166,'募集状态（资产）','raiseStatusDict','12','待成立','admin','2017-06-20 14:41:35','admin','2017-06-22 15:47:05','待审批、待成立、成立、不可用',1,2,0),(167,'募集状态（资产）','raiseStatusDict','13','已成立','admin','2017-06-20 14:41:45','admin','2017-06-22 15:47:05','待审批、待成立、成立、不可用',1,3,0),(168,'募集状态（资产）','raiseStatusDict','99','不可用','admin','2017-06-20 14:42:03','admin','2017-06-22 15:47:05','待审批、待成立、成立、不可用',1,4,0),(169,'平台名称','platformNameDict','',NULL,'admin','2017-06-23 11:28:26','admin','2017-06-28 14:26:36','TXS 唐小僧  YW 摇旺',NULL,NULL,0),(170,'平台名称','platformNameDict','TXS','唐小僧','SYS','2017-06-23 11:28:46','admin','2017-06-28 14:26:48','TXS 唐小僧  YW 摇旺',1,1,0),(171,'平台名称','platformNameDict','YW','摇旺','SYS','2017-06-23 11:28:54','admin','2017-06-28 14:26:56','TXS 唐小僧  YW 摇旺',1,2,0),(172,'对公虚拟账户类型','publicVirtualAccountCardTypeDict','',NULL,'admin','2017-06-23 11:42:41','admin','2017-06-28 16:46:04','8 组织机构代码  9 营业执照',NULL,NULL,0),(173,'对公虚拟账户类型','publicVirtualAccountCardTypeDict','8','组织机构代码','SYS','2017-06-23 11:42:48','admin','2017-06-28 16:46:13','8 组织机构代码  9 营业执照',1,1,0),(174,'对公虚拟账户类型','publicVirtualAccountCardTypeDict','9','营业执照','SYS','2017-06-23 11:42:58','admin','2017-06-28 16:46:20','8 组织机构代码  9 营业执照',1,2,0),(175,'资产合同情况','creditAssetsPactStatusDict','',NULL,'admin','2017-06-27 10:28:00','admin','2017-06-27 16:30:08','notCreated 未生成  created 已生成',NULL,NULL,0),(176,'资产合同情况','creditAssetsPactStatusDict','1','未生成','admin','2017-06-27 10:28:15','admin','2017-06-27 16:30:08','notCreated 未生成  created 已生成',1,1,0),(177,'资产合同情况','creditAssetsPactStatusDict','2','已生成','admin','2017-06-27 10:28:28','admin','2017-06-27 16:30:08','notCreated 未生成  created 已生成',1,2,0),(178,'机构虚拟户交易类型','tradeTypeDict','',NULL,'admin','2017-06-27 16:26:29','admin','2017-06-29 18:24:44','1 充值，2 提现，3 转帐，4 放款，5 还款',NULL,NULL,0),(179,'唐小僧——支付渠道','txsChannelDict','',NULL,'admin','2017-06-27 17:28:51','admin','2017-06-27 17:28:59','cnfolPay 中金支付，epay163 网易支付',NULL,NULL,0),(180,'摇旺——支付渠道','ywChannelDict','','','admin','2017-06-27 17:30:51',NULL,NULL,'chinapnr 汇付天下',NULL,NULL,0),(181,'摇旺——支付渠道','ywChannelDict','chinapnr','汇付天下','SYS','2017-06-27 17:31:04','admin','2017-06-27 17:35:02','chinapnr 汇付天下',1,1,0),(182,'唐小僧——支付渠道','txsChannelDict','cnfolPay','中金支付','admin','2017-06-27 17:31:23',NULL,NULL,'cnfolPay 中金支付，epay163 网易支付',1,1,0),(183,'唐小僧——支付渠道','txsChannelDict','epay163','网易支付','admin','2017-06-27 17:31:35',NULL,NULL,'cnfolPay 中金支付，epay163 网易支付',1,2,0),(184,'平台账户类型','plateformAmountTypeDict','',NULL,'admin','2017-06-28 14:55:41',NULL,NULL,'\"MARKET\", \"营销账户\",\n\"GUARANTEE\", \"保证金账户\",\n\"INTEREST\", \"利息账户\",\n\"MANAGEMENT_FEE\", \"平台管理费账户\",',NULL,NULL,0),(185,'平台账户类型','plateformAmountTypeDict','MARKET','营销账户','admin','2017-06-28 14:55:57',NULL,NULL,'\"MARKET\", \"营销账户\",\n\"GUARANTEE\", \"保证金账户\",\n\"INTEREST\", \"利息账户\",\n\"MANAGEMENT_FEE\", \"平台管理费账户\",',1,1,0),(186,'平台账户类型','plateformAmountTypeDict','GUARANTEE','保证金账户','admin','2017-06-28 14:56:14',NULL,NULL,'\"MARKET\", \"营销账户\",\n\"GUARANTEE\", \"保证金账户\",\n\"INTEREST\", \"利息账户\",\n\"MANAGEMENT_FEE\", \"平台管理费账户\",',1,2,0),(187,'平台账户类型','plateformAmountTypeDict','INTEREST','利息账户','admin','2017-06-28 14:56:27',NULL,NULL,'\"MARKET\", \"营销账户\",\n\"GUARANTEE\", \"保证金账户\",\n\"INTEREST\", \"利息账户\",\n\"MANAGEMENT_FEE\", \"平台管理费账户\",',1,3,0),(188,'平台账户类型','plateformAmountTypeDict','MANAGEMENT_FEE','平台管理费账户','admin','2017-06-28 14:56:44',NULL,NULL,'\"MARKET\", \"营销账户\",\n\"GUARANTEE\", \"保证金账户\",\n\"INTEREST\", \"利息账户\",\n\"MANAGEMENT_FEE\", \"平台管理费账户\",',1,4,0),(189,'合作机构账户类型','orgVirtualAccountTypeDict','',NULL,'admin','2017-06-28 14:58:57',NULL,'2017-06-28 15:31:00','\"INVEST_REPAY\", \"投资/还款账户\";',NULL,NULL,0),(190,'合作机构账户类型','orgVirtualAccountTypeDict','INVEST_REPAY','投资/还款账户','admin','2017-06-28 14:59:11',NULL,'2017-06-28 15:31:05','\"INVEST_REPAY\", \"投资/还款账户\";',1,1,0),(191,'交易状态','tradeStatusDict','',NULL,'admin','2017-06-29 17:12:20',NULL,NULL,'1 成功  2 失败 3 进行中',NULL,NULL,0),(192,'交易状态','tradeStatusDict','1','成功','admin','2017-06-29 17:12:32',NULL,NULL,'1 成功  2 失败 3 进行中',1,1,0),(193,'交易状态','tradeStatusDict','2','失败','admin','2017-06-29 17:12:41',NULL,NULL,'1 成功  2 失败 3 进行中',1,2,0),(194,'交易状态','tradeStatusDict','3','进行中','admin','2017-06-29 17:12:48',NULL,NULL,'1 成功  2 失败 3 进行中',1,3,0),(195,'对账结果','checkResultDict','',NULL,'admin','2017-06-29 17:13:24',NULL,NULL,'1 对账通过、2 未通过、3 存疑',NULL,NULL,0),(196,'对账结果','checkResultDict','1','对账通过','admin','2017-06-29 17:13:35',NULL,NULL,'1 对账通过、2 未通过、3 存疑',1,1,0),(197,'对账结果','checkResultDict','2','未通过','admin','2017-06-29 17:13:45',NULL,NULL,'1 对账通过、2 未通过、3 存疑',1,2,0),(198,'对账结果','checkResultDict','3','存疑','admin','2017-06-29 17:13:52',NULL,NULL,'1 对账通过、2 未通过、3 存疑',1,3,0),(199,'机构虚拟户交易类型','tradeTypeDict','1','充值','admin','2017-06-29 18:24:58',NULL,NULL,'1 充值，2 提现，3 转帐，4 放款，5 还款',1,1,0),(200,'机构虚拟户交易类型','tradeTypeDict','2','提现','admin','2017-06-29 18:25:07',NULL,NULL,'1 充值，2 提现，3 转帐，4 放款，5 还款',1,2,0),(201,'机构虚拟户交易类型','tradeTypeDict','3','转账','admin','2017-06-29 18:25:34',NULL,NULL,'1 充值，2 提现，3 转帐，4 放款，5 还款',1,3,0),(202,'机构虚拟户交易类型','tradeTypeDict','4','放款','admin','2017-06-29 18:25:53',NULL,NULL,'1 充值，2 提现，3 转帐，4 放款，5 还款',1,4,0),(203,'机构虚拟户交易类型','tradeTypeDict','5','还款','SYS','2017-06-29 18:26:01','admin','2017-06-29 18:26:12','1 充值，2 提现，3 转帐，4 放款，5 还款',1,5,0),(204,'对账结果交易类型','checkResultTradeTypeDict','',NULL,'admin','2017-06-29 18:29:30',NULL,NULL,'1 充值，2提现，3 投标，4 转让，5 还款，6 兑付，7 开标确认，8 佣金派送， 9 收益划出， 10 虚拟子账户入账确认 11 机构间转账',NULL,NULL,0),(205,'对账结果交易类型','checkResultTradeTypeDict','1','充值','admin','2017-06-29 18:29:43',NULL,NULL,'1 充值，2提现，3 投标，4 转让，5 还款，6 兑付，7 开标确认，8 佣金派送， 9 收益划出， 10 虚拟子账户入账确认 11 机构间转账',1,1,0),(206,'对账结果交易类型','checkResultTradeTypeDict','2','提现','admin','2017-06-29 18:29:53',NULL,NULL,'1 充值，2提现，3 投标，4 转让，5 还款，6 兑付，7 开标确认，8 佣金派送， 9 收益划出， 10 虚拟子账户入账确认 11 机构间转账',1,2,0),(207,'对账结果交易类型','checkResultTradeTypeDict','3','投标','admin','2017-06-29 18:30:02',NULL,NULL,'1 充值，2提现，3 投标，4 转让，5 还款，6 兑付，7 开标确认，8 佣金派送， 9 收益划出， 10 虚拟子账户入账确认 11 机构间转账',1,3,0),(208,'对账结果交易类型','checkResultTradeTypeDict','4','转让','admin','2017-06-29 18:30:12',NULL,NULL,'1 充值，2提现，3 投标，4 转让，5 还款，6 兑付，7 开标确认，8 佣金派送， 9 收益划出， 10 虚拟子账户入账确认 11 机构间转账',1,4,0),(209,'对账结果交易类型','checkResultTradeTypeDict','5','还款','admin','2017-06-29 18:30:21',NULL,NULL,'1 充值，2提现，3 投标，4 转让，5 还款，6 兑付，7 开标确认，8 佣金派送， 9 收益划出， 10 虚拟子账户入账确认 11 机构间转账',1,5,0),(210,'对账结果交易类型','checkResultTradeTypeDict','6','兑付','admin','2017-06-29 18:30:30',NULL,NULL,'1 充值，2提现，3 投标，4 转让，5 还款，6 兑付，7 开标确认，8 佣金派送， 9 收益划出， 10 虚拟子账户入账确认 11 机构间转账',1,6,0),(211,'对账结果交易类型','checkResultTradeTypeDict','7','开标确认','SYS','2017-06-29 18:30:42','admin','2017-06-29 18:31:46','1 充值，2提现，3 投标，4 转让，5 还款，6 兑付，7 开标确认，8 佣金派送， 9 收益划出， 10 虚拟子账户入账确认 11 机构间转账',1,7,0),(212,'对账结果交易类型','checkResultTradeTypeDict','8','佣金派送','admin','2017-06-29 18:30:53',NULL,NULL,'1 充值，2提现，3 投标，4 转让，5 还款，6 兑付，7 开标确认，8 佣金派送， 9 收益划出， 10 虚拟子账户入账确认 11 机构间转账',1,8,0),(213,'对账结果交易类型','checkResultTradeTypeDict','9','收益划出','admin','2017-06-29 18:31:10',NULL,NULL,'1 充值，2提现，3 投标，4 转让，5 还款，6 兑付，7 开标确认，8 佣金派送， 9 收益划出， 10 虚拟子账户入账确认 11 机构间转账',1,9,0),(214,'对账结果交易类型','checkResultTradeTypeDict','10','虚拟子账户入账确认','admin','2017-06-29 18:31:29',NULL,NULL,'1 充值，2提现，3 投标，4 转让，5 还款，6 兑付，7 开标确认，8 佣金派送， 9 收益划出， 10 虚拟子账户入账确认 11 机构间转账',1,10,0),(215,'对账结果交易类型','checkResultTradeTypeDict','11','机构间转账','admin','2017-06-29 18:31:42',NULL,NULL,'1 充值，2提现，3 投标，4 转让，5 还款，6 兑付，7 开标确认，8 佣金派送， 9 收益划出， 10 虚拟子账户入账确认 11 机构间转账',1,11,0),(216,'角色代码','roleCodeDict','',NULL,'admin','2017-06-30 09:56:32','admin','2017-07-06 10:20:21','ASSET_APPROVE_LEVEL1：授信资产一审，ASSET_APPROVE_LEVEL2：授信资产二审',NULL,NULL,0),(217,'角色代码','roleCodeDict','ASSET_APPROVE_LEVEL1','授信资产一审','SYS','2017-06-30 09:57:19','admin','2017-07-06 10:20:24','ASSET_APPROVE_LEVEL1：授信资产一审，ASSET_APPROVE_LEVEL2：授信资产二审',1,1,0),(218,'角色代码','roleCodeDict','ASSET_APPROVE_LEVEL2','授信资产二审','SYS','2017-06-30 09:58:26','admin','2017-07-06 10:20:26','ASSET_APPROVE_LEVEL1：授信资产一审，ASSET_APPROVE_LEVEL2：授信资产二审',1,2,0),(219,'合同状态','pactStatusDict','',NULL,'admin','2017-06-30 11:34:45','admin','2017-07-10 21:15:41','1 未生成 2 已生成',NULL,NULL,0),(220,'合同状态','pactStatusDict','1','未生成','SYS','2017-06-30 11:34:56','admin','2017-07-10 21:16:09','1 未生成 2 已生成',1,0,0),(221,'合同状态','pactStatusDict','2','已生成','SYS','2017-06-30 11:35:04','admin','2017-07-10 21:16:03','1 未生成 2 已生成',1,1,0),(222,'交易所备案状态','exchangeRecordStatusDict','',NULL,'admin','2017-06-30 11:37:52','admin','2017-07-10 10:43:08','1 待备案 2 备案中  3 生成合同 4 备案成功 5备案失败',NULL,NULL,0),(223,'交易所备案状态','exchangeRecordStatusDict','1','待备案','admin','2017-06-30 11:38:02','admin','2017-07-10 10:43:08','1 待备案 2 备案中  3 生成合同 4 备案成功 5备案失败',1,1,0),(224,'交易所备案状态','exchangeRecordStatusDict','2','备案中','admin','2017-06-30 11:38:10','admin','2017-07-10 10:43:08','1 待备案 2 备案中  3 生成合同 4 备案成功 5备案失败',1,2,0),(225,'交易所备案状态','exchangeRecordStatusDict','4','备案成功','SYS','2017-06-30 11:38:21','admin','2017-07-10 10:43:23','1 待备案 2 备案中  3 生成合同 4 备案成功 5备案失败',1,4,0),(226,'交易所','assetExchangeDict','',NULL,'admin','2017-07-06 17:19:40','admin','2018-02-28 13:36:44','GAN江西赣南金融资产交易中心',NULL,NULL,0),(227,'交易所','assetExchangeDict','SZQH','深圳前海金融资产交易所有限公司','SYS','2017-07-06 17:19:53','admin','2018-02-28 13:36:44','GAN江西赣南金融资产交易中心',0,1,0),(228,'摘牌方挂牌方','hangtagerAndDelisterDict','',NULL,'admin','2017-07-06 17:22:33',NULL,NULL,'GTBL 国通商业保理（天津）有限公司  ZS 资顺（三亚）小额贷款有限公司 GZRZ 广州融早资产管理有限公司 HZXT  杭州迅途资产管理有限公司',NULL,NULL,0),(229,'摘牌方挂牌方','hangtagerAndDelisterDict','GTBL','国通商业保理（天津）有限公司','SYS','2017-07-06 17:22:56','admin','2017-07-06 17:23:44','GTBL 国通商业保理（天津）有限公司  ZS 资顺（三亚）小额贷款有限公司 GZRZ 广州融早资产管理有限公司 HZXT  杭州迅途资产管理有限公司',1,1,0),(230,'摘牌方挂牌方','hangtagerAndDelisterDict','ZS','资顺（三亚）小额贷款有限公司','SYS','2017-07-06 17:23:07','admin','2018-03-07 16:56:48','GTBL 国通商业保理（天津）有限公司  ZS 资顺（三亚）小额贷款有限公司 GZRZ 广州融早资产管理有限公司 HZXT  杭州迅途资产管理有限公司',0,2,0),(231,'摘牌方挂牌方','hangtagerAndDelisterDict','GZRZ','广州融早资产管理有限公司','SYS','2017-07-06 17:23:25','admin','2018-03-07 17:00:34','GTBL 国通商业保理（天津）有限公司  ZS 资顺（三亚）小额贷款有限公司 GZRZ 广州融早资产管理有限公司 HZXT  杭州迅途资产管理有限公司',1,2,0),(232,'摘牌方挂牌方','hangtagerAndDelisterDict','HZXT','杭州迅途资产管理有限公司','SYS','2017-07-06 17:23:40','admin','2018-03-07 16:57:02','GTBL 国通商业保理（天津）有限公司  ZS 资顺（三亚）小额贷款有限公司 GZRZ 广州融早资产管理有限公司 HZXT  杭州迅途资产管理有限公司',0,4,0),(233,'授信资产融资类型','creditAssetFinanceTypeDict','','','admin','2017-07-06 17:47:45','admin','2017-08-09 16:19:55','1：个人贷款；2：企业贷款	 ；3：融资租赁	 ；4	应收账款	 \n；5	个人贷款收益权 ；6：企业贷款收益权；7：融资租赁收益权；8	应收账款收益权',NULL,NULL,0),(234,'授信资产融资类型','creditAssetFinanceTypeDict','1','个人贷款','SYS','2017-07-06 17:48:25','admin','2017-08-09 16:19:55','1：个人贷款；2：企业贷款	 ；3：融资租赁	 ；4	应收账款	 \n；5	个人贷款收益权 ；6：企业贷款收益权；7：融资租赁收益权；8	应收账款收益权',1,1,0),(235,'授信资产融资类型','creditAssetFinanceTypeDict','2','企业贷款','SYS','2017-07-06 17:48:52','admin','2017-08-09 16:19:55','1：个人贷款；2：企业贷款	 ；3：融资租赁	 ；4	应收账款	 \n；5	个人贷款收益权 ；6：企业贷款收益权；7：融资租赁收益权；8	应收账款收益权',1,2,0),(236,'授信资产融资类型','creditAssetFinanceTypeDict','3','融资租赁','SYS','2017-07-06 17:49:03','admin','2017-08-09 16:19:55','1：个人贷款；2：企业贷款	 ；3：融资租赁	 ；4	应收账款	 \n；5	个人贷款收益权 ；6：企业贷款收益权；7：融资租赁收益权；8	应收账款收益权',1,3,0),(237,'授信资产融资类型','creditAssetFinanceTypeDict','4','应收账款','SYS','2017-07-06 17:49:18','admin','2017-08-09 16:19:55','1：个人贷款；2：企业贷款	 ；3：融资租赁	 ；4	应收账款	 \n；5	个人贷款收益权 ；6：企业贷款收益权；7：融资租赁收益权；8	应收账款收益权',1,4,0),(238,'授信资产融资类型','creditAssetFinanceTypeDict','5','个人贷款收益权','SYS','2017-07-06 17:49:37','admin','2017-08-09 16:19:55','1：个人贷款；2：企业贷款	 ；3：融资租赁	 ；4	应收账款	 \n；5	个人贷款收益权 ；6：企业贷款收益权；7：融资租赁收益权；8	应收账款收益权',1,5,0),(239,'授信资产融资类型','creditAssetFinanceTypeDict','6','企业贷款收益权','admin','2017-08-09 16:17:06','admin','2017-08-09 16:19:55','1：个人贷款；2：企业贷款	 ；3：融资租赁	 ；4	应收账款	 \n；5	个人贷款收益权 ；6：企业贷款收益权；7：融资租赁收益权；8	应收账款收益权',1,6,0),(240,'授信资产融资类型','creditAssetFinanceTypeDict','7','融资租赁收益权','admin','2017-08-09 16:17:22','admin','2017-08-09 16:19:55','1：个人贷款；2：企业贷款	 ；3：融资租赁	 ；4	应收账款	 \n；5	个人贷款收益权 ；6：企业贷款收益权；7：融资租赁收益权；8	应收账款收益权',1,7,0),(241,'授信资产融资类型','creditAssetFinanceTypeDict','8','应收账款收益权','admin','2017-08-09 16:17:36','admin','2017-08-09 16:19:55','1：个人贷款；2：企业贷款	 ；3：融资租赁	 ；4	应收账款	 \n；5	个人贷款收益权 ；6：企业贷款收益权；7：融资租赁收益权；8	应收账款收益权',1,8,0),(242,'融资类型','financeTypeDict','4','应收账款','admin','2017-08-09 16:28:26',NULL,NULL,'1：个人贷款；2：企业贷款	；3：融资租赁	；4	应收账款	；5	个人贷款收益权 ；6：企业贷款收益权；7：融资租赁收益权；8	应收账款收益权',1,4,0),(243,'融资类型','financeTypeDict','5','个人贷款收益权','admin','2017-08-09 16:28:53',NULL,NULL,'1：个人贷款；2：企业贷款	；3：融资租赁	；4	应收账款	；5	个人贷款收益权 ；6：企业贷款收益权；7：融资租赁收益权；8	应收账款收益权',1,5,0),(244,'融资类型','financeTypeDict','6','企业贷款收益权','SYS','2017-08-09 16:29:05','admin','2017-08-09 16:29:16','1：个人贷款；2：企业贷款	；3：融资租赁	；4	应收账款	；5	个人贷款收益权 ；6：企业贷款收益权；7：融资租赁收益权；8	应收账款收益权',1,6,0),(245,'融资类型','financeTypeDict','7','融资租赁收益权','admin','2017-08-09 16:29:32',NULL,NULL,'1：个人贷款；2：企业贷款	；3：融资租赁	；4	应收账款	；5	个人贷款收益权 ；6：企业贷款收益权；7：融资租赁收益权；8	应收账款收益权',1,7,0),(246,'融资类型','financeTypeDict','8','应收账款收益权','admin','2017-08-09 16:29:49',NULL,NULL,'1：个人贷款；2：企业贷款	；3：融资租赁	；4	应收账款	；5	个人贷款收益权 ；6：企业贷款收益权；7：融资租赁收益权；8	应收账款收益权',1,8,0),(247,'交易所备案状态','exchangeRecordStatusDict','5','备案失败','admin','2017-08-10 10:43:28',NULL,NULL,'1 待备案 2 备案中  3 生成合同 4 备案成功 5备案失败',1,5,0),(248,'产品类型','productTypeDict','02','定期','admin','2017-08-18 15:00:01',NULL,NULL,'【02】定期【04】N日阶梯',1,2,0),(249,'交易结构','tradeStructDict','2','p2p实时放款','admin','2017-08-21 15:23:00','admin','2018-04-27 14:34:34','1:定向委托；2：p2p实时放款；3：交易所挂摘牌：5：P2P计划类产品',1,2,0),(250,'销售渠道','sellChannelDict','ZD','资鼎','SYS','2017-09-15 15:41:12','admin','2018-02-28 13:38:59','GAN唐小僧',0,4,0),(251,'资金结算方','settlementPartyDict','06','马上贷','SYS','2017-09-20 09:43:42','admin','2017-09-20 09:44:22','【01】贺毓；【02】欢迹定期;【03】融早；【04】巧备；【05】嘉盼定期【06】马上贷',1,6,0),(252,'交易结构','tradeStructDict','3','交易所挂摘牌','admin','2017-10-10 10:25:27','admin','2018-04-27 14:34:34','1:定向委托；2：p2p实时放款；3：交易所挂摘牌：5：P2P计划类产品',1,3,0),(253,'对账类型','reconciliationDict','',NULL,'admin','2017-10-13 15:34:17','admin','2017-10-14 11:18:06','10:入金;20:出金',NULL,NULL,1),(254,'对账类型','reconciliationDict','10','入金','SYS','2017-10-13 15:34:42','admin','2017-10-14 11:17:54','10:入金;20:出金',0,1,1),(255,'对账类型','reconciliationDict','20','出金','SYS','2017-10-13 15:34:57','admin','2017-10-14 11:18:00','10:入金;20:出金',0,2,1),(256,'交易所','assetExchangeDict','QJS','广东华侨金融资产交易中心','SYS','2017-10-13 15:51:47','admin','2018-02-28 13:36:44','GAN江西赣南金融资产交易中心',0,2,0),(257,'销售渠道','sellChannelDict','QJS','唐小僧','SYS','2017-10-13 15:53:28','admin','2018-02-28 13:38:59','GAN唐小僧',0,5,0),(258,'兑付状态','cashStatusDict','',NULL,'admin','2017-10-13 17:07:04','admin','2017-11-29 09:38:35','13：未兑付；14：未兑付；15：未兑付；19：兑付中；17：已兑付；20：逾期；21：对付失败',NULL,NULL,0),(259,'补账类型','addAccountTypeDict','',NULL,'admin','2017-10-14 10:43:00','admin','2017-10-14 10:45:25','10-入金补账；20-出金补账',NULL,NULL,0),(260,'补账类型','addAccountTypeDict','10','入金补账','admin','2017-10-14 10:44:36','admin','2017-10-14 10:45:25','10-入金补账；20-出金补账',1,NULL,0),(261,'补账类型','addAccountTypeDict','20','出金补账','admin','2017-10-14 10:44:49','admin','2017-10-14 10:45:25','10-入金补账；20-出金补账',1,NULL,0),(262,'支付交易类型','payBusinessTypeDict','',NULL,'admin','2017-10-16 11:21:23','admin','2018-01-10 18:19:49','10-投资，20-满标放款，30-流标/撤标退款 ，31-退款重试，40-兑付还款，41-兑付还款重试，50-对公代付，60-补账，70-对公网银，16-银商通对公充值,90-提现',NULL,NULL,0),(263,'支付交易类型','payBusinessTypeDict','10','投资','admin','2017-10-16 11:22:29','admin','2018-01-10 18:19:49','10-投资，20-满标放款，30-流标/撤标退款 ，31-退款重试，40-兑付还款，41-兑付还款重试，50-对公代付，60-补账，70-对公网银，16-银商通对公充值,90-提现',1,1,0),(264,'支付交易类型','payBusinessTypeDict','20','满标放款','admin','2017-10-16 11:22:47','admin','2018-01-10 18:19:49','10-投资，20-满标放款，30-流标/撤标退款 ，31-退款重试，40-兑付还款，41-兑付还款重试，50-对公代付，60-补账，70-对公网银，16-银商通对公充值,90-提现',1,2,0),(265,'支付交易类型','payBusinessTypeDict','30','流标/撤标退款','SYS','2017-10-16 11:23:27','admin','2018-01-10 18:19:49','10-投资，20-满标放款，30-流标/撤标退款 ，31-退款重试，40-兑付还款，41-兑付还款重试，50-对公代付，60-补账，70-对公网银，16-银商通对公充值,90-提现',1,3,0),(266,'支付交易类型','payBusinessTypeDict','40','兑付还款','SYS','2017-10-16 11:23:44','admin','2018-01-10 18:19:49','10-投资，20-满标放款，30-流标/撤标退款 ，31-退款重试，40-兑付还款，41-兑付还款重试，50-对公代付，60-补账，70-对公网银，16-银商通对公充值,90-提现',1,5,0),(267,'支付交易类型','payBusinessTypeDict','50','对公代付','SYS','2017-10-16 11:25:00','admin','2018-01-10 18:19:49','10-投资，20-满标放款，30-流标/撤标退款 ，31-退款重试，40-兑付还款，41-兑付还款重试，50-对公代付，60-补账，70-对公网银，16-银商通对公充值,90-提现',1,7,0),(268,'支付交易类型','payBusinessTypeDict','60','补账','SYS','2017-10-16 11:25:14','admin','2018-01-10 18:19:49','10-投资，20-满标放款，30-流标/撤标退款 ，31-退款重试，40-兑付还款，41-兑付还款重试，50-对公代付，60-补账，70-对公网银，16-银商通对公充值,90-提现',1,8,0),(269,'支付交易状态','payTradeStatusDict','',NULL,'admin','2017-10-16 11:27:31',NULL,NULL,'I 初始化, P 处理中, F 处理失败, S 处理成功',NULL,NULL,0),(270,'支付交易状态','payTradeStatusDict','I','初始化','SYS','2017-10-16 11:27:53','admin','2017-10-26 15:42:58','I 初始化, P 处理中, F 处理失败, S 处理成功',1,1,0),(271,'支付交易状态','payTradeStatusDict','P','处理中','SYS','2017-10-16 11:28:16','admin','2017-10-24 13:36:15','I 初始化, P 处理中, F 处理失败, S 处理成功',1,2,0),(272,'支付交易状态','payTradeStatusDict','F','处理失败','SYS','2017-10-16 11:28:31','admin','2017-10-26 15:43:44','I 初始化, P 处理中, F 处理失败, S 处理成功',1,3,0),(273,'支付交易状态','payTradeStatusDict','S','处理成功','SYS','2017-10-16 11:28:50','admin','2017-10-26 15:43:54','I 初始化, P 处理中, F 处理失败, S 处理成功',1,4,0),(274,'兑付状态','cashStatusDict','15','未兑付','SYS','2017-10-17 17:43:42','admin','2017-11-29 09:38:35','13：未兑付；14：未兑付；15：未兑付；19：兑付中；17：已兑付；20：逾期；21：对付失败',1,3,0),(275,'兑付状态','cashStatusDict','19','兑付中','SYS','2017-10-17 17:44:07','admin','2017-11-29 09:38:35','13：未兑付；14：未兑付；15：未兑付；19：兑付中；17：已兑付；20：逾期；21：对付失败',1,4,0),(276,'兑付状态','cashStatusDict','17','已兑付','SYS','2017-10-17 17:44:29','admin','2017-11-29 09:38:35','13：未兑付；14：未兑付；15：未兑付；19：兑付中；17：已兑付；20：逾期；21：对付失败',1,5,0),(277,'兑付状态','cashStatusDict','20','等待兑付','SYS','2017-10-17 17:44:48','admin','2017-12-26 16:08:53','13：未兑付；14：未兑付；15：未兑付；19：兑付中；17：已兑付；20：逾期；21：对付失败',1,6,0),(278,'人工交易类型','busiType','',NULL,'admin','2017-10-20 15:10:42','admin','2017-10-20 15:15:51','10-投资，20-满标放款，30-流标/撤标退款 ，31-退款重试，40-兑付还款，41-兑付还款重试，50-对公代付，60-补账',NULL,NULL,1),(279,'人工交易类型','busiType','10','投资','admin','2017-10-20 15:11:20','admin','2017-10-20 15:15:51','10-投资，20-满标放款，30-流标/撤标退款 ，31-退款重试，40-兑付还款，41-兑付还款重试，50-对公代付，60-补账',0,1,1),(280,'人工交易类型','busiType','20','满标放款','admin','2017-10-20 15:11:57','admin','2017-10-20 15:15:51','10-投资，20-满标放款，30-流标/撤标退款 ，31-退款重试，40-兑付还款，41-兑付还款重试，50-对公代付，60-补账',0,2,1),(281,'人工交易类型','busiType','30','流标/撤标退款','admin','2017-10-20 15:12:26','admin','2017-10-20 15:15:51','10-投资，20-满标放款，30-流标/撤标退款 ，31-退款重试，40-兑付还款，41-兑付还款重试，50-对公代付，60-补账',0,3,1),(282,'人工交易类型','busiType','31','退款重试','admin','2017-10-20 15:12:47','admin','2017-10-20 15:15:51','10-投资，20-满标放款，30-流标/撤标退款 ，31-退款重试，40-兑付还款，41-兑付还款重试，50-对公代付，60-补账',0,4,1),(283,'人工交易类型','busiType','40','兑付还款','admin','2017-10-20 15:13:07','admin','2017-10-20 15:15:51','10-投资，20-满标放款，30-流标/撤标退款 ，31-退款重试，40-兑付还款，41-兑付还款重试，50-对公代付，60-补账',0,5,1),(284,'人工交易类型','busiType','41','兑付还款重试','admin','2017-10-20 15:13:28','admin','2017-10-20 15:15:51','10-投资，20-满标放款，30-流标/撤标退款 ，31-退款重试，40-兑付还款，41-兑付还款重试，50-对公代付，60-补账',0,6,1),(285,'人工交易类型','busiType','50','对公代付','admin','2017-10-20 15:13:50','admin','2017-10-20 15:15:51','10-投资，20-满标放款，30-流标/撤标退款 ，31-退款重试，40-兑付还款，41-兑付还款重试，50-对公代付，60-补账',0,7,1),(286,'人工交易类型','busiType','60','补账','admin','2017-10-20 15:14:25','admin','2017-10-20 15:15:51','10-投资，20-满标放款，30-流标/撤标退款 ，31-退款重试，40-兑付还款，41-兑付还款重试，50-对公代付，60-补账',0,8,1),(287,'人工交易类型','busiTypeDict','','','admin','2017-10-20 15:16:51','admin','2017-10-24 11:04:10','10-投资，20-满标放款，30-流标/撤标退款 ，31-退款重试，40-兑付还款，41-兑付还款重试，50-对公代付，60-补账',NULL,NULL,1),(288,'人工交易类型','busiTypeDict','10','投资','SYS','2017-10-20 15:17:15','admin','2017-10-24 11:04:10','10-投资，20-满标放款，30-流标/撤标退款 ，31-退款重试，40-兑付还款，41-兑付还款重试，50-对公代付，60-补账',0,1,1),(289,'人工交易类型','busiTypeDict','20','满标放款','SYS','2017-10-20 15:17:36','admin','2017-10-24 11:04:10','10-投资，20-满标放款，30-流标/撤标退款 ，31-退款重试，40-兑付还款，41-兑付还款重试，50-对公代付，60-补账',0,2,1),(290,'人工交易类型','busiTypeDict','30','流标/撤标退款','SYS','2017-10-20 15:18:04','admin','2017-10-24 11:04:10','10-投资，20-满标放款，30-流标/撤标退款 ，31-退款重试，40-兑付还款，41-兑付还款重试，50-对公代付，60-补账',0,3,1),(291,'人工交易类型','busiTypeDict','31','退款重试','SYS','2017-10-20 15:18:28','admin','2017-10-24 11:04:10','10-投资，20-满标放款，30-流标/撤标退款 ，31-退款重试，40-兑付还款，41-兑付还款重试，50-对公代付，60-补账',0,4,1),(292,'人工交易类型','busiTypeDict','40','兑付还款','SYS','2017-10-20 15:18:59','admin','2017-10-24 11:04:10','10-投资，20-满标放款，30-流标/撤标退款 ，31-退款重试，40-兑付还款，41-兑付还款重试，50-对公代付，60-补账',0,5,1),(293,'人工交易类型','busiTypeDict','41','兑付还款重试','SYS','2017-10-20 15:19:25','admin','2017-10-24 11:04:10','10-投资，20-满标放款，30-流标/撤标退款 ，31-退款重试，40-兑付还款，41-兑付还款重试，50-对公代付，60-补账',0,6,1),(294,'人工交易类型','busiTypeDict','50','对公代付','SYS','2017-10-20 15:19:44','admin','2017-10-24 11:04:10','10-投资，20-满标放款，30-流标/撤标退款 ，31-退款重试，40-兑付还款，41-兑付还款重试，50-对公代付，60-补账',0,7,1),(295,'人工交易类型','busiTypeDict','60','补账','SYS','2017-10-20 15:20:01','admin','2017-10-24 11:04:10','10-投资，20-满标放款，30-流标/撤标退款 ，31-退款重试，40-兑付还款，41-兑付还款重试，50-对公代付，60-补账',0,8,1),(296,'支付交易类型','payBusinessTypeDict','31','退款重试','SYS','2017-10-21 15:43:19','admin','2018-01-10 18:19:49','10-投资，20-满标放款，30-流标/撤标退款 ，31-退款重试，40-兑付还款，41-兑付还款重试，50-对公代付，60-补账，70-对公网银，16-银商通对公充值,90-提现',1,4,0),(297,'支付交易类型','payBusinessTypeDict','41','兑付还款重试','SYS','2017-10-21 15:46:56','admin','2018-01-10 18:19:49','10-投资，20-满标放款，30-流标/撤标退款 ，31-退款重试，40-兑付还款，41-兑付还款重试，50-对公代付，60-补账，70-对公网银，16-银商通对公充值,90-提现',1,6,0),(298,'支付账户用途','accountPurposeDict','',NULL,'SYS','2017-10-21 17:15:50','admin','2018-01-06 11:14:07','101:投资账户，201：融资账户，202：平台手续费账户，203-营销账户 ， 204- 备付金账户，205-收益账户',NULL,NULL,0),(299,'支付账户用途','accountPurposeDict','101','投资账户','SYS','2017-10-21 17:17:12','admin','2018-03-01 16:29:50','101:投资账户，201：融资账户，202：平台手续费账户，203-营销账户 ， 204- 备付金账户，205-收益账户',0,1,0),(300,'支付账户用途','accountPurposeDict','201','融资账户','SYS','2017-10-21 17:17:42','admin','2018-01-06 11:14:07','101:投资账户，201：融资账户，202：平台手续费账户，203-营销账户 ， 204- 备付金账户，205-收益账户',1,2,0),(301,'支付账户用途','accountPurposeDict','202','平台手续费账户','SYS','2017-10-21 17:18:03','admin','2018-03-01 16:30:16','101:投资账户，201：融资账户，202：平台手续费账户，203-营销账户 ， 204- 备付金账户，205-收益账户',0,3,0),(302,'渠道','channelDict','02','资邦定期','admin','2017-10-21 18:11:15','admin','2017-10-21 18:12:14','01:资邦阶梯；02：资邦定期',1,2,0),(303,'兑付状态','cashStatusDict','13','未兑付','SYS','2017-10-26 14:23:38','admin','2017-11-29 09:38:35','13：未兑付；14：未兑付；15：未兑付；19：兑付中；17：已兑付；20：逾期；21：对付失败',1,1,0),(304,'兑付状态','cashStatusDict','14','未兑付','SYS','2017-10-26 14:24:14','admin','2017-11-29 09:38:35','13：未兑付；14：未兑付；15：未兑付；19：兑付中；17：已兑付；20：逾期；21：对付失败',1,2,0),(305,'产品日历','menologyDict','20','工作日','admin','2017-11-01 14:27:59',NULL,NULL,'【10】自然日24点： 每个自然日0:00到23:59:59为一天',1,2,0),(306,'产品日历','menologyDict','30','交易日','SYS','2017-11-01 14:28:21','admin','2017-11-01 14:28:42','【10】自然日24点： 每个自然日0:00到23:59:59为一天',0,3,0),(307,'支付账户用途','accountPurposeDict','203','营销账户','SYS','2017-11-14 16:55:52','admin','2018-01-06 11:14:07','101:投资账户，201：融资账户，202：平台手续费账户，203-营销账户 ， 204- 备付金账户，205-收益账户',1,4,0),(308,'支付账户用途','accountPurposeDict','302','转账手续费账户','SYS','2017-11-14 16:56:57','admin','2018-01-06 11:14:07','101:投资账户，201：融资账户，202：平台手续费账户，203-营销账户 ， 204- 备付金账户，205-收益账户',0,5,0),(309,'复投类型','redeliveryDict','',NULL,'admin','2017-11-22 11:05:47','admin','2017-12-27 10:36:12','1:多次复投 ;2:首次复投',NULL,NULL,0),(310,'复投类型','redeliveryDict','1','多次复投','SYS','2017-11-22 11:08:06','admin','2017-12-27 10:36:12','1:多次复投 ;2:首次复投',1,1,0),(311,'复投类型','redeliveryDict','2','首次复投','SYS','2017-11-22 11:08:17','admin','2017-12-27 10:36:12','1:多次复投 ;2:首次复投',1,2,0),(312,'兑付状态','cashStatusDict','21','兑付失败','SYS','2017-11-23 14:17:38','admin','2017-11-30 16:20:39','13：未兑付；14：未兑付；15：未兑付；19：兑付中；17：已兑付；20：逾期；21：对付失败',1,7,0),(313,'支付交易类型','payBusinessTypeDict','70','对公网银','SYS','2017-11-23 16:17:29','admin','2018-01-10 18:19:49','10-投资，20-满标放款，30-流标/撤标退款 ，31-退款重试，40-兑付还款，41-兑付还款重试，50-对公代付，60-补账，70-对公网银，16-银商通对公充值,90-提现',1,9,0),(314,'白的','22','',NULL,'admin','2017-11-23 17:30:19','admin','2017-11-23 17:40:56','',NULL,NULL,1),(315,'白的','22','22','ff','SYS','2017-11-23 17:32:01','admin','2017-11-23 17:40:56','',0,NULL,1),(316,'支付商户类型','merchantPayTypeDict','',NULL,'admin','2017-11-24 10:36:29','admin','2018-02-26 16:25:52','1199270：融资户回款；1196222：营销户充值',NULL,NULL,0),(317,'支付商户类型','merchantPayTypeDict','1199270','融资户回款','SYS','2017-11-24 10:36:56','admin','2018-02-26 16:26:12','1199270：融资户回款；1196222：营销户充值',1,1,0),(318,'支付商户类型','merchantPayTypeDict','1196222','营销户充值','SYS','2017-11-24 10:37:31','admin','2018-02-26 16:26:20','1199270：融资户回款；1196222：营销户充值',1,2,0),(319,'准入申请节点','admittanceApplyNode','',NULL,'admin','2017-12-01 13:44:31','admin','2017-12-14 13:54:06','01：填报；02：提交一审；03：一审通过；04：提交二审；05：二审通过；',NULL,NULL,1),(320,'准入申请节点','admittanceApplyNode','01','填报','SYS','2017-12-01 13:44:54','admin','2017-12-14 13:53:50','01：填报；02：提交一审；03：一审通过；04：提交二审；05：二审通过；',0,1,1),(321,'准入申请节点','admittanceApplyNode','02','提交一审','SYS','2017-12-01 13:45:54','admin','2017-12-14 13:53:51','01：填报；02：提交一审；03：一审通过；04：提交二审；05：二审通过；',0,2,1),(322,'准入申请节点','admittanceApplyNode','03','一审通过','SYS','2017-12-01 13:46:09','admin','2017-12-14 13:53:53','01：填报；02：提交一审；03：一审通过；04：提交二审；05：二审通过；',0,3,1),(323,'准入申请节点','admittanceApplyNode','04','提交二审','SYS','2017-12-01 13:46:28','admin','2017-12-14 13:53:55','01：填报；02：提交一审；03：一审通过；04：提交二审；05：二审通过；',0,4,1),(324,'准入申请节点','admittanceApplyNode','05','二审通过','SYS','2017-12-01 13:46:41','admin','2017-12-14 13:53:56','01：填报；02：提交一审；03：一审通过；04：提交二审；05：二审通过；',0,5,1),(325,'准入申请节点','admittanceApplyNode','06','归档','SYS','2017-12-01 13:46:50','admin','2017-12-14 13:53:32','01：填报；02：提交一审；03：一审通过；04：提交二审；05：二审通过；',0,6,1),(326,'角色权限','roleJurisdictionDict','',NULL,'admin','2017-12-06 15:47:48','admin','2017-12-14 14:03:24','Add：新增；Modify：修改；Delete：删除；Select：查询',NULL,NULL,0),(327,'角色权限','roleJurisdictionDict','Add','新增','admin','2017-12-06 15:48:32','admin','2017-12-14 14:03:24','Add：新增；Modify：修改；Delete：删除；Select：查询',1,1,0),(328,'角色权限','roleJurisdictionDict','Modify','修改','admin','2017-12-06 15:48:46','admin','2017-12-14 14:03:24','Add：新增；Modify：修改；Delete：删除；Select：查询',1,2,0),(329,'角色权限','roleJurisdictionDict','Delete','删除','admin','2017-12-06 15:49:18','admin','2017-12-14 14:03:24','Add：新增；Modify：修改；Delete：删除；Select：查询',1,3,0),(330,'角色权限','roleJurisdictionDict','Select','查询','admin','2017-12-06 15:49:31','admin','2017-12-14 14:03:24','Add：新增；Modify：修改；Delete：删除；Select：查询',1,4,0),(331,'角色权限','roleJurisdictionDict','sign_9_1','侨金所签章1','SYS','2017-12-06 16:01:38','admin','2017-12-14 14:03:24','Add：新增；Modify：修改；Delete：删除；Select：查询',1,11,0),(332,'角色权限','roleJurisdictionDict','sign_10_2','侨金所签章2','SYS','2017-12-06 16:02:01','admin','2017-12-14 14:03:24','Add：新增；Modify：修改；Delete：删除；Select：查询',1,12,0),(333,'角色权限','roleJurisdictionDict','sign_11_3','侨金所签章3','SYS','2017-12-06 16:17:53','admin','2017-12-14 14:03:24','Add：新增；Modify：修改；Delete：删除；Select：查询',1,13,0),(334,'签章状态','signatureStatus','',NULL,'admin','2017-12-08 11:29:02','admin','2017-12-14 13:43:44','UNSIGNE：未签章；SIGNING：签章中；SAVE：保存；COMPLETE：签章完成；REMOVE：去章；FAIL：签章失败',NULL,NULL,1),(335,'签章状态','signatureStatus','UNSIGNE','未签章','SYS','2017-12-08 11:30:16','admin','2017-12-14 13:43:36','UNSIGNE：未签章；SIGNING：签章中；SAVE：保存；COMPLETE：签章完成；REMOVE：去章；FAIL：签章失败',0,NULL,1),(336,'签章状态','signatureStatus','SIGNING','签章中','SYS','2017-12-08 11:30:39','admin','2017-12-14 13:43:35','UNSIGNE：未签章；SIGNING：签章中；SAVE：保存；COMPLETE：签章完成；REMOVE：去章；FAIL：签章失败',0,NULL,1),(337,'签章状态','signatureStatus','SAVE','保存','SYS','2017-12-08 11:32:05','admin','2017-12-14 13:43:33','UNSIGNE：未签章；SIGNING：签章中；SAVE：保存；COMPLETE：签章完成；REMOVE：去章；FAIL：签章失败',0,NULL,1),(338,'签章状态','signatureStatus','COMPLETE','签章完成','SYS','2017-12-08 11:32:32','admin','2017-12-14 13:43:20','UNSIGNE：未签章；SIGNING：签章中；SAVE：保存；COMPLETE：签章完成；REMOVE：去章；FAIL：签章失败',0,NULL,1),(339,'签章状态','signatureStatus','REMOVE','去章','SYS','2017-12-08 11:32:59','admin','2017-12-14 13:43:18','UNSIGNE：未签章；SIGNING：签章中；SAVE：保存；COMPLETE：签章完成；REMOVE：去章；FAIL：签章失败',0,NULL,1),(340,'签章状态','signatureStatus','FAIL','签章失败','SYS','2017-12-08 11:33:17','admin','2017-12-14 13:43:16','UNSIGNE：未签章；SIGNING：签章中；SAVE：保存；COMPLETE：签章完成；REMOVE：去章；FAIL：签章失败',0,NULL,1),(341,'签章状态','signatureStatusDict','','','admin','2017-12-14 13:35:47','admin','2017-12-14 13:36:00','UNSIGNE：未签章；SIGNING：签章中；SAVE：保存；COMPLETE：签章完成；REMOVE：去章；FAIL：签章失败',NULL,NULL,0),(342,'签章状态','signatureStatusDict','FAIL','签章失败','SYS','2017-12-14 13:36:31','admin','2017-12-14 13:40:27','UNSIGNE：未签章；SIGNING：签章中；SAVE：保存；COMPLETE：签章完成；REMOVE：去章；FAIL：签章失败',1,NULL,0),(343,'签章状态','signatureStatusDict','REMOVE','去章','SYS','2017-12-14 13:36:58','admin','2017-12-14 13:40:24','UNSIGNE：未签章；SIGNING：签章中；SAVE：保存；COMPLETE：签章完成；REMOVE：去章；FAIL：签章失败',1,NULL,0),(344,'签章状态','signatureStatusDict','COMPLETE','签章完成','SYS','2017-12-14 13:37:27','admin','2018-01-31 15:44:49','UNSIGNE：未签章；SIGNING：签章中；SAVE：保存；COMPLETE：签章完成；REMOVE：去章；FAIL：签章失败',1,NULL,0),(345,'签章状态','signatureStatusDict','SAVE','保存','SYS','2017-12-14 13:37:43','admin','2018-02-01 18:33:26','UNSIGNE：未签章；SIGNING：签章中；SAVE：保存；COMPLETE：签章完成；REMOVE：去章；FAIL：签章失败',0,NULL,0),(346,'签章状态','signatureStatusDict','SIGNING','签章中','SYS','2017-12-14 13:38:02','admin','2017-12-14 13:40:16','UNSIGNE：未签章；SIGNING：签章中；SAVE：保存；COMPLETE：签章完成；REMOVE：去章；FAIL：签章失败',1,NULL,0),(347,'签章状态','signatureStatusDict','UNSIGNE','未签章','SYS','2017-12-14 13:38:20','admin','2017-12-14 13:40:11','UNSIGNE：未签章；SIGNING：签章中；SAVE：保存；COMPLETE：签章完成；REMOVE：去章；FAIL：签章失败',1,NULL,0),(348,'准入申请节点','admittanceApplyNodeDict','','','admin','2017-12-14 13:44:34','admin','2017-12-14 13:44:50','01：填报；02：提交一审；03：一审通过；04：提交二审；05：二审通过；',NULL,NULL,0),(349,'准入申请节点','admittanceApplyNodeDict','01','填报','SYS','2017-12-14 13:45:10','admin','2017-12-14 13:45:24','01：填报；02：提交一审；03：一审通过；04：提交二审；05：二审通过；',1,1,0),(350,'准入申请节点','admittanceApplyNodeDict','02','提交一审','admin','2017-12-14 13:45:51',NULL,NULL,'01：填报；02：提交一审；03：一审通过；04：提交二审；05：二审通过；',1,2,0),(351,'准入申请节点','admittanceApplyNodeDict','03','一审通过','admin','2017-12-14 13:46:05',NULL,NULL,'01：填报；02：提交一审；03：一审通过；04：提交二审；05：二审通过；',1,3,0),(352,'准入申请节点','admittanceApplyNodeDict','04','提交二审','admin','2017-12-14 13:46:54',NULL,NULL,'01：填报；02：提交一审；03：一审通过；04：提交二审；05：二审通过；',1,4,0),(353,'准入申请节点','admittanceApplyNodeDict','05','二审通过','admin','2017-12-14 13:47:11',NULL,NULL,'01：填报；02：提交一审；03：一审通过；04：提交二审；05：二审通过；',1,5,0),(354,'准入申请节点','admittanceApplyNodeDict','06','归档','admin','2017-12-19 14:10:55',NULL,NULL,'01：填报；02：提交一审；03：一审通过；04：提交二审；05：二审通过；',1,6,0),(355,'角色代码','roleCodeDict','APPLY_FILL','申请填报','admin','2017-12-20 16:18:45',NULL,NULL,'ASSET_APPROVE_LEVEL1：授信资产一审，ASSET_APPROVE_LEVEL2：授信资产二审',1,3,0),(356,'角色代码','roleCodeDict','APPLY_ACTIVE','申请补充上传','admin','2017-12-20 16:19:00',NULL,NULL,'ASSET_APPROVE_LEVEL1：授信资产一审，ASSET_APPROVE_LEVEL2：授信资产二审',1,4,0),(357,'角色代码','roleCodeDict','APPLY_AUDIT1','申请一审','admin','2017-12-20 16:19:24',NULL,NULL,'ASSET_APPROVE_LEVEL1：授信资产一审，ASSET_APPROVE_LEVEL2：授信资产二审',1,5,0),(358,'角色代码','roleCodeDict','APPLY_AUDIT2','申请二审','admin','2017-12-20 16:19:42',NULL,NULL,'ASSET_APPROVE_LEVEL1：授信资产一审，ASSET_APPROVE_LEVEL2：授信资产二审',1,6,0),(359,'角色代码','roleCodeDict','APPLY_PIGE','签章归档','admin','2017-12-20 16:38:56',NULL,NULL,'ASSET_APPROVE_LEVEL1：授信资产一审，ASSET_APPROVE_LEVEL2：授信资产二审',1,7,0),(360,'复投类型','redeliveryDict','0','非复投','SYS','2017-12-25 16:26:34','admin','2017-12-26 15:55:24','0:多次复投 ;1:首次复投',0,1,1),(361,'支付渠道','payChannelCodeDict','',NULL,'admin','2017-12-25 19:42:13','admin','2018-03-12 16:08:26','GAN:赣金所宝付，GAN_YST:赣金所银商通',NULL,NULL,0),(362,'支付渠道','payChannelCodeDict','GAN','赣金所宝付','SYS','2017-12-25 19:42:37','admin','2018-03-12 16:08:51','GAN:赣金所宝付，GAN_YST:赣金所银商通',1,1,0),(363,'支付渠道','payChannelCodeDict','GAN_YST','赣金所银商通','SYS','2017-12-25 19:43:11','admin','2018-03-12 16:09:05','GAN:赣金所宝付，GAN_YST:赣金所银商通',1,2,0),(364,'支付账户用途','accountPurposeDict','204','备付金账户','SYS','2018-01-04 17:55:09','admin','2018-03-01 16:30:23','101:投资账户，201：融资账户，202：平台手续费账户，203-营销账户 ， 204- 备付金账户，205-收益账户',0,5,0),(365,'支付账户用途','accountPurposeDict','205','收益账户','admin','2018-01-04 17:55:42','admin','2018-01-06 11:14:07','101:投资账户，201：融资账户，202：平台手续费账户，203-营销账户 ， 204- 备付金账户，205-收益账户',1,6,0),(366,'支付交易类型','payBusinessTypeDict','16','银商通对公充值','SYS','2018-01-06 14:37:42','admin','2018-01-10 18:19:49','10-投资，20-满标放款，30-流标/撤标退款 ，31-退款重试，40-兑付还款，41-兑付还款重试，50-对公代付，60-补账，70-对公网银，16-银商通对公充值,90-提现',1,10,0),(367,'募集方式','collectWaysDict','',NULL,'admin','2018-01-06 15:38:38','admin','2018-01-11 16:48:08','01:募集包',NULL,NULL,0),(368,'募集方式','collectWaysDict','01','募集包','SYS','2018-01-06 15:38:50','admin','2018-01-11 16:48:08','01:募集包',1,1,0),(369,'产品形态','productPatternDict','',NULL,'admin','2018-01-06 15:41:21',NULL,NULL,'02:定期',NULL,NULL,0),(370,'产品形态','productPatternDict','02','定期','admin','2018-01-06 15:42:06',NULL,NULL,'02:定期',1,1,0),(371,'资产状态','assetStatusDict','',NULL,'admin','2018-01-10 14:17:39','admin','2018-01-10 15:01:24','1 成立，2 存续，3 还款中，4 超时(逾期)，5 待兑付（已还款），6 兑付中，7 已兑付，8 兑付失败',NULL,NULL,0),(372,'资产状态','assetStatusDict','1','成立','admin','2018-01-10 14:18:10','admin','2018-01-10 15:01:24','1 成立，2 存续，3 还款中，4 超时(逾期)，5 待兑付（已还款），6 兑付中，7 已兑付，8 兑付失败',1,1,0),(373,'资产状态','assetStatusDict','2','存续','admin','2018-01-10 14:18:35','admin','2018-01-10 15:01:24','1 成立，2 存续，3 还款中，4 超时(逾期)，5 待兑付（已还款），6 兑付中，7 已兑付，8 兑付失败',1,2,0),(374,'资产状态','assetStatusDict','3','放款中','admin','2018-01-10 14:18:58','admin','2018-01-10 15:01:24','1 成立，2 存续，3 还款中，4 超时(逾期)，5 待兑付（已还款），6 兑付中，7 已兑付，8 兑付失败',1,3,0),(375,'资产状态','assetStatusDict','4','超时（逾期）','admin','2018-01-10 14:19:28','admin','2018-01-10 15:01:24','1 成立，2 存续，3 还款中，4 超时(逾期)，5 待兑付（已还款），6 兑付中，7 已兑付，8 兑付失败',1,4,0),(376,'资产状态','assetStatusDict','5','待兑付（已还款）','SYS','2018-01-10 14:19:52','admin','2018-01-10 15:01:24','1 成立，2 存续，3 还款中，4 超时(逾期)，5 待兑付（已还款），6 兑付中，7 已兑付，8 兑付失败',1,5,0),(377,'资产状态','assetStatusDict','6','兑付中','admin','2018-01-10 14:20:12','admin','2018-01-10 15:01:24','1 成立，2 存续，3 还款中，4 超时(逾期)，5 待兑付（已还款），6 兑付中，7 已兑付，8 兑付失败',1,6,0),(378,'资产状态','assetStatusDict','7','已兑付','admin','2018-01-10 14:20:30','admin','2018-01-10 15:01:24','1 成立，2 存续，3 还款中，4 超时(逾期)，5 待兑付（已还款），6 兑付中，7 已兑付，8 兑付失败',1,7,0),(379,'资产状态','assetStatusDict','8','兑付失败','admin','2018-01-10 14:20:42','admin','2018-01-10 15:01:24','1 成立，2 存续，3 还款中，4 超时(逾期)，5 待兑付（已还款），6 兑付中，7 已兑付，8 兑付失败',1,8,0),(380,'支付交易类型','payBusinessTypeDict','90','提现','admin','2018-01-10 18:19:17','admin','2018-01-10 18:19:49','10-投资，20-满标放款，30-流标/撤标退款 ，31-退款重试，40-兑付还款，41-兑付还款重试，50-对公代付，60-补账，70-对公网银，16-银商通对公充值,90-提现',1,11,0),(381,'债权类型','assetTypeDict','','','admin','2018-01-11 15:51:41',NULL,NULL,'1 普通债权, 2 债转债权',NULL,NULL,0),(382,'债权类型','assetTypeDict','1','普通债权','admin','2018-01-11 15:51:54',NULL,NULL,'1 普通债权, 2 债转债权',1,1,0),(383,'债权类型','assetTypeDict','2','债转债权','admin','2018-01-11 15:52:10',NULL,NULL,'1 普通债权, 2 债转债权',1,2,0),(384,'撮合方式','matchSuccModeDict','','','admin','2018-01-11 16:01:03',NULL,NULL,'1 依次匹配，2 小额分散',NULL,NULL,0),(385,'撮合方式','matchSuccModeDict','1','依次匹配','admin','2018-01-11 16:01:24',NULL,NULL,'1 依次匹配，2 小额分散',1,1,0),(386,'撮合方式','matchSuccModeDict','2','小额分散','admin','2018-01-11 16:01:41',NULL,NULL,'1 依次匹配，2 小额分散',1,2,0),(387,'P2P个人交易类型','transType','',NULL,'admin','2018-01-12 16:54:23','admin','2018-01-12 16:56:45','0 投资，1 赎回',NULL,NULL,1),(388,'P2P个人交易类型','transTypeDict','','','admin','2018-01-12 16:56:40',NULL,NULL,'0 投资，1 赎回',NULL,NULL,0),(389,'P2P个人交易类型','transTypeDict','0','投资','SYS','2018-01-12 16:57:28','admin','2018-01-12 16:57:57','0 投资，1 赎回',1,1,0),(390,'P2P个人交易类型','transTypeDict','1','赎回','SYS','2018-01-12 16:57:43','admin','2018-01-12 16:58:03','0 投资，1 赎回',1,2,0),(391,'P2P交易状态','transStatusDict','',NULL,'admin','2018-01-12 17:51:04','admin','2018-01-27 16:25:47','PAYING:支付中;PAY_SUCCESS:支付成功;PAY_FAIL:支付失败;\nUNCASH:待兑付;CASHING:兑付中;CASH_SUCCESS:兑付成功;CASH_FAIL:兑付失败;',NULL,NULL,0),(392,'P2P交易状态','transStatusDict','PAYING','支付中','SYS','2018-01-12 17:51:46','admin','2018-01-27 16:26:32','PAYING:支付中;PAY_SUCCESS:支付成功;PAY_FAIL:支付失败;\nUNCASH:待兑付;CASHING:兑付中;CASH_SUCCESS:兑付成功;CASH_FAIL:兑付失败;',1,1,0),(393,'P2P交易状态','transStatusDict','PAY_SUCCESS','支付成功','SYS','2018-01-12 17:52:32','admin','2018-01-27 16:26:51','PAYING:支付中;PAY_SUCCESS:支付成功;PAY_FAIL:支付失败;\nUNCASH:待兑付;CASHING:兑付中;CASH_SUCCESS:兑付成功;CASH_FAIL:兑付失败;',1,2,0),(394,'P2P交易状态','transStatusDict','PAY_FAIL','支付失败','SYS','2018-01-12 17:52:50','admin','2018-01-27 16:27:10','PAYING:支付中;PAY_SUCCESS:支付成功;PAY_FAIL:支付失败;\nUNCASH:待兑付;CASHING:兑付中;CASH_SUCCESS:兑付成功;CASH_FAIL:兑付失败;',1,3,0),(395,'P2P交易状态','transStatusDict','UNCASH','待兑付','SYS','2018-01-12 17:53:11','admin','2018-01-27 16:25:47','PAYING:支付中;PAY_SUCCESS:支付成功;PAY_FAIL:支付失败;\nUNCASH:待兑付;CASHING:兑付中;CASH_SUCCESS:兑付成功;CASH_FAIL:兑付失败;',1,4,0),(396,'P2P交易状态','transStatusDict','CASHING','兑付中','SYS','2018-01-12 17:53:27','admin','2018-01-27 16:25:47','PAYING:支付中;PAY_SUCCESS:支付成功;PAY_FAIL:支付失败;\nUNCASH:待兑付;CASHING:兑付中;CASH_SUCCESS:兑付成功;CASH_FAIL:兑付失败;',1,5,0),(397,'P2P交易状态','transStatusDict','CASH_SUCCESS','兑付成功','SYS','2018-01-12 17:53:40','admin','2018-01-27 16:25:47','PAYING:支付中;PAY_SUCCESS:支付成功;PAY_FAIL:支付失败;\nUNCASH:待兑付;CASHING:兑付中;CASH_SUCCESS:兑付成功;CASH_FAIL:兑付失败;',1,6,0),(398,'P2P交易状态','transStatusDict','CASH_FAIL','兑付失败','admin','2018-01-12 17:54:03','admin','2018-01-27 16:25:47','PAYING:支付中;PAY_SUCCESS:支付成功;PAY_FAIL:支付失败;\nUNCASH:待兑付;CASHING:兑付中;CASH_SUCCESS:兑付成功;CASH_FAIL:兑付失败;',1,7,0),(399,'甲方','firstPartyDcit','',NULL,'admin','2018-01-19 16:22:40',NULL,NULL,'',NULL,NULL,0),(400,'甲方','firstPartyDcit','1','云南安果经贸有限公司','admin','2018-01-19 16:27:27',NULL,NULL,'',1,1,0),(401,'甲方','firstPartyDcit','2','成都苑博贸易有限公司','admin','2018-01-19 16:27:40',NULL,NULL,'',1,2,0),(402,'甲方','firstPartyDcit','3','广州怡搏轩贸易有限公司','admin','2018-01-19 16:27:53',NULL,NULL,'',1,3,0),(403,'甲方','firstPartyDcit','4','浙江盛金铜业有限公司','admin','2018-01-19 16:28:05',NULL,NULL,'',1,4,0),(404,'甲方','firstPartyDcit','5','浙江玉鹄控股有限公司','admin','2018-01-19 16:28:20',NULL,NULL,'',1,5,0),(405,'甲方','firstPartyDcit','6','上海亚深石油化有限公司','admin','2018-01-19 16:28:35',NULL,NULL,'',1,6,0),(406,'甲方','firstPartyDcit','7','江苏普福贸易有限公司','admin','2018-01-19 16:28:51',NULL,NULL,'',1,7,0),(407,'甲方','firstPartyDcit','8','云南汇百金贸易有限公司','admin','2018-01-19 16:29:03',NULL,NULL,'',1,8,0),(408,'募集方式','collectWaysDict','02','募集计划','SYS','2018-01-20 15:47:45','admin','2018-01-20 15:59:01','01:募集包',0,2,1),(409,'募集方案(产品)类型','collectProductTypeDict','',NULL,'admin','2018-01-20 15:59:58',NULL,NULL,'1 募集包，2 募集计划，3 散标',NULL,NULL,0),(410,'募集方案(产品)类型','collectProductTypeDict','1','募集包','admin','2018-01-20 16:00:20',NULL,NULL,'1 募集包，2 募集计划，3 散标',1,1,0),(411,'募集方案(产品)类型','collectProductTypeDict','2','募集计划','admin','2018-01-20 16:00:37',NULL,NULL,'1 募集包，2 募集计划，3 散标',1,2,0),(412,'募集方案(产品)类型','collectProductTypeDict','3','散标','admin','2018-01-20 16:00:50',NULL,NULL,'1 募集包，2 募集计划，3 散标',1,3,0),(413,'p2p募集状态','p2pCollectStatusDict','',NULL,'admin','2018-01-22 18:46:19',NULL,NULL,'10:待募集，11:募集期，12:募集完成',NULL,NULL,0),(414,'p2p募集状态','p2pCollectStatusDict','10','待募集','admin','2018-01-22 18:46:33',NULL,NULL,'10:待募集，11:募集期，12:募集完成',1,1,0),(415,'p2p募集状态','p2pCollectStatusDict','11','募集期','admin','2018-01-22 18:46:52',NULL,NULL,'10:待募集，11:募集期，12:募集完成',1,2,0),(416,'p2p募集状态','p2pCollectStatusDict','12','募集完成','admin','2018-01-22 18:47:20',NULL,NULL,'10:待募集，11:募集期，12:募集完成',1,3,0),(417,'支付交易类型','payBusinessTypeDict','92','对公提现','admin','2018-01-23 14:09:07',NULL,NULL,'10-投资，20-满标放款，30-流标/撤标退款 ，31-退款重试，40-兑付还款，41-兑付还款重试，50-对公代付，60-补账，70-对公网银，16-银商通对公充值,90-提现',1,12,0),(418,'角色代码','roleCodeDict','SIGN_ROLE','签章角色','admin','2018-01-25 10:26:13',NULL,NULL,'ASSET_APPROVE_LEVEL1：授信资产一审，ASSET_APPROVE_LEVEL2：授信资产二审',1,8,0),(419,'文件状态','fileStatusDict','',NULL,'admin','2018-01-26 18:41:06','admin','2018-01-27 15:47:06','UNSIGNE-待签章;SIGNING-签章中;SAVE-保存;COMPLETE-签章完成;REMOVE-去章;FAIL-签章失败;',NULL,NULL,0),(420,'文件状态','fileStatusDict','UNSIGNE','待签章','SYS','2018-01-26 18:42:28','admin','2018-01-27 15:47:23','UNSIGNE-待签章;SIGNING-签章中;SAVE-保存;COMPLETE-签章完成;REMOVE-去章;FAIL-签章失败;',1,1,0),(421,'文件状态','fileStatusDict','SIGNING','签章中','admin','2018-01-26 18:42:54','admin','2018-01-27 15:47:06','UNSIGNE-待签章;SIGNING-签章中;SAVE-保存;COMPLETE-签章完成;REMOVE-去章;FAIL-签章失败;',1,2,0),(422,'文件状态','fileStatusDict','SAVE','保存','admin','2018-01-26 18:43:17','admin','2018-01-27 15:47:06','UNSIGNE-待签章;SIGNING-签章中;SAVE-保存;COMPLETE-签章完成;REMOVE-去章;FAIL-签章失败;',0,3,0),(423,'文件状态','fileStatusDict','COMPLETE','签章完成','admin','2018-01-26 18:43:47','admin','2018-01-27 15:47:06','UNSIGNE-待签章;SIGNING-签章中;SAVE-保存;COMPLETE-签章完成;REMOVE-去章;FAIL-签章失败;',1,4,0),(424,'文件状态','fileStatusDict','REMOVE','去章','admin','2018-01-26 18:44:11','admin','2018-01-27 15:47:06','UNSIGNE-待签章;SIGNING-签章中;SAVE-保存;COMPLETE-签章完成;REMOVE-去章;FAIL-签章失败;',1,5,0),(425,'文件状态','fileStatusDict','FAIL','签章失败','admin','2018-01-26 18:44:38','admin','2018-01-27 15:47:06','UNSIGNE-待签章;SIGNING-签章中;SAVE-保存;COMPLETE-签章完成;REMOVE-去章;FAIL-签章失败;',1,6,0),(426,'P2P签章状态','P2PsignestatusDict','',NULL,'admin','2018-01-26 18:48:40',NULL,NULL,'UNSIGNE-未签章;COMPLETE-签章完成;REMOVE-去章;FAIL-签章失败',NULL,NULL,0),(427,'P2P签章状态','P2PsignestatusDict','UNSIGNE','未签章','admin','2018-01-26 18:49:13',NULL,NULL,'UNSIGNE-未签章;COMPLETE-签章完成;REMOVE-去章;FAIL-签章失败',1,1,0),(428,'P2P签章状态','P2PsignestatusDict','COMPLETE','完成','admin','2018-01-26 18:49:28',NULL,NULL,'UNSIGNE-未签章;COMPLETE-签章完成;REMOVE-去章;FAIL-签章失败',1,2,0),(429,'P2P签章状态','P2PsignestatusDict','REMOVE','去章','admin','2018-01-26 18:49:45',NULL,NULL,'UNSIGNE-未签章;COMPLETE-签章完成;REMOVE-去章;FAIL-签章失败',1,3,0),(430,'P2P签章状态','P2PsignestatusDict','FAIL','签章失败','admin','2018-01-26 18:50:05',NULL,NULL,'UNSIGNE-未签章;COMPLETE-签章完成;REMOVE-去章;FAIL-签章失败',1,4,0),(431,'角色代码','roleCodeDict','签章权限','SIGN_ROLE','SYS','2018-01-30 12:17:02','admin','2018-02-05 13:27:27','ASSET_APPROVE_LEVEL1：授信资产一审，ASSET_APPROVE_LEVEL2：授信资产二审',0,9,1),(432,'签章状态','signatureStatusDict','null','请选择','SYS','2018-01-31 16:25:52','admin','2018-01-31 16:27:45','UNSIGNE：未签章；SIGNING：签章中；SAVE：保存；COMPLETE：签章完成；REMOVE：去章；FAIL：签章失败',0,1,1),(433,'销售渠道','sellChannelDict','GAN','赣金中心','SYS','2018-02-28 10:22:23','admin','2018-04-18 11:32:39','GAN唐小僧',1,6,0),(434,'交易所','assetExchangeDict','GAN','江西赣南金融资产交易中心','SYS','2018-02-28 13:26:07','admin','2018-02-28 13:36:44','GAN江西赣南金融资产交易中心',1,3,0),(435,'摘牌方挂牌方','hangtagerAndDelisterDict','SZZY','深圳中赢商业保理有限公司','SYS','2018-03-07 16:59:06','admin','2018-03-07 17:00:50','GTBL 国通商业保理（天津）有限公司  ZS 资顺（三亚）小额贷款有限公司 GZRZ 广州融早资产管理有限公司 HZXT  杭州迅途资产管理有限公司',1,4,0),(436,'摘牌方挂牌方','hangtagerAndDelisterDict','QDQP','青岛乾澎资产管理有限公司','SYS','2018-03-07 17:00:22','admin','2018-03-07 17:00:44','GTBL 国通商业保理（天津）有限公司  ZS 资顺（三亚）小额贷款有限公司 GZRZ 广州融早资产管理有限公司 HZXT  杭州迅途资产管理有限公司',1,3,0),(437,'交易结果状态','tradeResultStatusDict','',NULL,'admin','2018-03-07 17:28:08',NULL,NULL,'1.签约  2.充值  3.提现',NULL,NULL,0),(438,'交易结果状态','tradeResultStatusDict','1','签约','admin','2018-03-07 17:28:28',NULL,NULL,'1.签约  2.充值  3.提现',1,1,0),(439,'交易结果状态','tradeResultStatusDict','2','充值','admin','2018-03-07 17:28:37',NULL,NULL,'1.签约  2.充值  3.提现',1,2,0),(440,'交易结果状态','tradeResultStatusDict','3','提现','admin','2018-03-07 17:28:49',NULL,NULL,'1.签约  2.充值  3.提现',1,3,0),(441,'募集状态（产品）','collectStatusDict','19','兑付中','admin','2018-03-07 19:51:07','admin','2018-03-07 19:54:36','10:待募集，11:募集期，12:待成立，13:已成立，14:存续期，15:到期，16:待兑付，17:兑付完成, 18:流标，19:兑付中，20:兑付逾期，21:兑付失败',1,10,0),(442,'募集状态（产品）','collectStatusDict','20','兑付逾期','admin','2018-03-07 19:51:27','admin','2018-03-07 19:54:36','10:待募集，11:募集期，12:待成立，13:已成立，14:存续期，15:到期，16:待兑付，17:兑付完成, 18:流标，19:兑付中，20:兑付逾期，21:兑付失败',1,11,0),(443,'募集状态（产品）','collectStatusDict','21','兑付失败','admin','2018-03-07 19:51:39','admin','2018-03-07 19:54:36','10:待募集，11:募集期，12:待成立，13:已成立，14:存续期，15:到期，16:待兑付，17:兑付完成, 18:流标，19:兑付中，20:兑付逾期，21:兑付失败',1,12,0),(444,'销售渠道','sellChannelDict','MSD','马上贷','SYS','2018-03-13 18:48:05','admin','2018-03-13 18:49:07','GAN唐小僧',1,7,0),(445,'交易结构','tradeStructDict','4','预约计划','admin','2018-04-17 18:54:04','admin','2018-04-27 14:34:34','1:定向委托；2：p2p实时放款；3：交易所挂摘牌：5：P2P计划类产品',1,4,0),(446,'内部匹配状态','innerMatchStatusDict','',NULL,'admin','2018-04-23 16:40:32',NULL,NULL,'10：待匹配，11：匹配中，12：已匹配，13：无需匹配',NULL,NULL,0),(447,'内部匹配状态','innerMatchStatusDict','10','待匹配','admin','2018-04-23 16:41:07',NULL,NULL,'10：待匹配，11：匹配中，12：已匹配，13：无需匹配',1,1,0),(448,'内部匹配状态','innerMatchStatusDict','11','匹配中','admin','2018-04-23 16:41:24',NULL,NULL,'10：待匹配，11：匹配中，12：已匹配，13：无需匹配',1,2,0),(449,'内部匹配状态','innerMatchStatusDict','12','已匹配','admin','2018-04-23 16:41:40',NULL,NULL,'10：待匹配，11：匹配中，12：已匹配，13：无需匹配',1,3,0),(450,'内部匹配状态','innerMatchStatusDict','13','无需匹配','admin','2018-04-23 16:41:56',NULL,NULL,'10：待匹配，11：匹配中，12：已匹配，13：无需匹配',1,4,0),(451,'交易结构','tradeStructDict','5','P2P计划类产品','admin','2018-04-27 14:35:34',NULL,NULL,'1:定向委托；2：p2p实时放款；3：交易所挂摘牌：5：P2P计划类产品',1,5,0),(452,'产品类型','productTypeDict','05','N日循环计划','SYS','2018-04-27 14:37:05','admin','2018-04-27 14:37:16','【02】定期【04】N日阶梯',1,5,0),(453,'审核状态','approvalStatusDict','',NULL,'admin','2018-05-10 10:47:06',NULL,NULL,'01:审核通过,02:审核未通过,03:退回',NULL,NULL,0),(454,'审核状态','approvalStatusDict','01','审核通过','admin','2018-05-10 10:59:18',NULL,NULL,'01:审核通过,02:审核未通过,03:退回',1,1,0),(455,'审核状态','approvalStatusDict','02','审核未通过','admin','2018-05-10 10:59:38',NULL,NULL,'01:审核通过,02:审核未通过,03:退回',1,2,0),(456,'审核状态','approvalStatusDict','03','退回','admin','2018-05-10 10:59:50',NULL,NULL,'01:审核通过,02:审核未通过,03:退回',1,3,0);

/*Data for the table `menu` */

insert  into `menu`(`id`,`code`,`name`,`parent_id`,`display_order`,`memo`,`refer_url`,`is_valid`,`create_time`,`create_by`,`modify_time`,`modify_by`,`icon`,`delete_flag`) values (1,NULL,'用户管理',NULL,55,'用户管理','wzntest1',1,'2017-02-23 10:03:00','15','2017-02-23 17:51:08','3','*****',1),(69,NULL,'客户管理',NULL,1,'一级菜单1','',2,'2017-02-23 17:43:35','3','2017-02-25 15:53:48','3','',1),(70,NULL,'资产管理',NULL,NULL,'资产管理（一级菜单）','',1,'2017-02-23 17:52:46','3','2017-05-12 14:28:26','1','icon-legal',1),(71,NULL,'用户管理',NULL,1,'1111','',2,'2017-02-24 16:55:54','3','2017-02-27 10:00:19','3','sss',1),(72,NULL,'资产仓库',NULL,2,'产品管理（一级菜单）','',1,'2017-02-25 15:21:50','3','2017-07-27 15:25:38','admin','',0),(73,NULL,'产品注册',72,1,'产品注册（二级菜单）','product/add',1,'2017-02-25 15:25:02','3','2017-02-27 11:02:53','3','',1),(74,NULL,'产品线管理',72,NULL,'产品线管理(二级菜单)','product/line',1,'2017-02-25 15:38:16','3','2017-05-12 14:28:36','1','icon-random',1),(76,NULL,'客户管理',NULL,NULL,'客户管理（一级菜单）','',1,'2017-02-27 10:01:41','3','2017-05-12 09:58:06','1','icon-group',1),(77,NULL,'客户信息查询',76,NULL,'二级菜单','customer',1,'2017-02-27 10:03:22','3','2017-05-12 09:57:53','1','icon-laptop',1),(78,NULL,'企业证照认证',76,NULL,'二级菜单','license',1,'2017-02-27 10:31:40','3','2017-05-12 09:57:59','1','icon-picture',1),(79,NULL,'法人资料认证',76,NULL,'','',1,'2017-02-27 10:32:18','3','2017-02-27 11:07:30','3','',1),(80,NULL,'资产仓库',70,NULL,'二级菜单','asset/warehouse',1,'2017-02-27 10:33:06','3','2017-05-12 14:28:10','1','icon-truck',1),(81,NULL,'资产入库',70,NULL,'二级菜单','asset/put',1,'2017-02-27 10:33:39','3','2017-05-12 14:28:18','1','icon-inbox',1),(82,NULL,'资产池',70,NULL,'二级菜单','asset/pool',1,'2017-02-27 10:34:00','3','2017-05-12 14:28:14','1','icon-magnet',1),(83,NULL,'交易认证',70,5,'','asset/confirmdeal',1,'2017-02-27 10:34:18','3','2017-03-01 10:06:40','3','',1),(84,NULL,'交易确认',70,NULL,'二级菜单','asset/confirmdeal',1,'2017-02-27 10:34:40','3','2017-05-12 14:28:22','1','icon-ok-sign',1),(85,NULL,'系统管理',NULL,98,'系统管理（一级菜单）','',1,'2017-02-27 14:13:16','3','2017-12-04 12:59:15','admin','',0),(86,NULL,'菜单管理',85,2,'菜单管理（二级菜单）','menu',1,'2017-02-27 14:13:49','3','2017-07-14 11:15:04','admin','',0),(87,NULL,'角色管理',85,3,'角色管理（二级菜单）','role',1,'2017-02-28 18:24:02','3','2017-07-14 11:15:14','admin','',0),(88,NULL,'法人资料认证',76,NULL,'二级菜单','legal',1,'2017-03-01 09:19:05','3','2017-05-12 09:58:03','1','icon-file-alt',1),(89,NULL,'用户管理',85,1,'用户管理（二级菜单）','user',1,'2017-03-01 09:21:41','3','2017-07-14 11:14:54','admin','',0),(90,NULL,'权限管理',85,4,'权限管理（二级菜单）','auth',1,'2017-03-01 09:22:54','3','2017-07-14 11:15:20','admin','',0),(92,NULL,'资金管理',NULL,1,'资金运营（一级菜单）','',1,'2017-03-01 09:47:12','3','2018-01-11 17:24:14','admin','',0),(93,NULL,'字典管理',85,5,'字典管理（二级菜单）','dict',1,'2017-03-01 09:48:12','3','2017-07-14 11:15:26','admin','',0),(94,NULL,'日志查询',85,NULL,'日志查询（二级菜单）','log',2,'2017-03-01 09:49:15','3','2017-06-15 14:50:45','admin','icon-list',1),(95,NULL,'业务单查询',92,NULL,'业务单查询（二级菜单）','order',1,'2017-03-01 09:52:16','3','2017-05-12 14:26:41','1','icon-search',1),(96,NULL,'批次对账',92,NULL,'批次查询（二级菜单）','reconcil',1,'2017-03-01 09:53:15','3','2017-05-12 14:26:45','1','icon-list-alt',1),(97,NULL,'补单',92,NULL,'补单（二级菜单）','supplement',1,'2017-03-01 10:00:12','3','2017-05-12 14:26:36','1','icon-paste',1),(98,NULL,'产品注册',70,1,'','product/add',1,'2017-03-01 10:13:48','3','2017-03-01 10:37:37','3','',1),(99,NULL,'产品注册',72,NULL,'产品注册（二级菜单）','product/add',1,'2017-03-01 10:38:02','3','2017-05-12 14:28:43','1','icon-beaker',1),(100,NULL,'投后管理',NULL,NULL,'一级菜单','',1,'2017-03-01 13:46:34','3','2017-05-11 18:39:21','1','icon-cloud',1),(101,NULL,'定期到期兑付',100,NULL,'','expire/investcash',1,'2017-03-01 13:47:55','3','2017-05-11 18:39:17','1','icon-calendar',1),(102,NULL,'基本信息',NULL,NULL,'一级菜单','',1,'2017-03-01 13:49:24','3','2017-05-12 14:37:17','1','icon-wrench',1),(103,NULL,'个人信息',102,NULL,'二级菜单','person',1,'2017-03-01 13:50:06','3','2017-05-12 14:37:08','1','icon-user',1),(104,NULL,'密码修改',102,NULL,'二级菜单','password',1,'2017-03-01 13:50:41','3','2017-05-12 14:37:13','1','icon-lock',1),(113,NULL,'产品管理',72,NULL,'产品管理（二级菜单）','product',1,'2017-03-02 13:42:47','1','2017-05-12 14:28:40','1','icon-briefcase',1),(114,NULL,'用户管理1',NULL,NULL,'','',1,'2017-03-02 17:52:28','1','2017-03-02 17:58:56','1','',1),(115,NULL,'系统管理1',NULL,NULL,'','',1,'2017-03-02 18:00:47','1','2017-05-11 14:11:25','1','',1),(116,NULL,'用户管理1',115,NULL,'','user',1,'2017-03-02 18:18:34','1','2017-05-11 14:11:22','1','',1),(117,NULL,'还款计划',92,NULL,'还款计划（二级菜单）','repayment',1,'2017-03-03 10:05:02','1','2017-05-12 14:26:50','1','icon-reply',1),(118,NULL,'111',NULL,NULL,'','',1,'2017-03-06 15:25:45','1','2017-03-06 15:29:04','1','',1),(119,NULL,'业务查询1',NULL,NULL,NULL,'bussiness',1,'2017-03-08 09:58:31','46','2017-05-11 14:11:30','1',NULL,1),(120,NULL,'用户管理2',115,NULL,'','11',1,'2017-03-09 11:27:25','1','2017-05-11 14:11:18','1','',1),(121,NULL,'1111111',NULL,NULL,'','',1,'2017-03-09 15:41:32','1','2017-03-09 15:42:13','1','',1),(122,NULL,'222222',121,NULL,'','111111111',2,'2017-03-09 15:41:43','1','2017-05-11 14:09:37','1','',1),(123,NULL,'111111',NULL,NULL,'','',1,'2017-03-09 15:49:51','1','2017-05-11 14:09:28','1','',1),(124,NULL,'222222333',123,NULL,'','1111',2,'2017-03-09 15:50:12','1','2017-05-11 14:09:21','1','',1),(125,NULL,'披露信息管理',72,NULL,'','/product/public',1,'2017-05-11 14:24:23','1','2017-05-12 14:28:32','1','',1),(126,NULL,'回款管理',92,NULL,'','fund/back',1,'2017-05-12 14:27:47','1',NULL,NULL,'',0),(127,NULL,'基础资产管理',72,1,'','asset',1,'2017-05-12 14:30:15','1',NULL,NULL,'',0),(128,NULL,'资产审核',72,2,'','asset/audit',1,'2017-05-12 14:30:46','1',NULL,NULL,'',0),(129,NULL,'融资方管理',72,3,'','asset/issuer',1,'2017-05-12 14:31:19','1','2017-08-03 13:54:45','admin','',0),(130,NULL,'承销方管理',72,NULL,'','saler',2,'2017-05-12 14:31:48','1','2017-06-15 14:52:10','admin','',1),(131,NULL,'受托方管理',72,NULL,'','trusteer',2,'2017-05-12 14:32:10','1','2017-06-15 14:52:17','admin','',1),(132,NULL,'交易所管理',72,NULL,'','exchange',2,'2017-05-12 14:32:43','1','2017-06-15 14:52:22','admin','',1),(133,NULL,'项目管理',72,NULL,'','project',2,'2017-05-12 14:33:06','1','2017-06-15 14:52:28','admin','',1),(134,NULL,'资管工厂',NULL,3,'','',1,'2017-05-12 14:33:26','1','2017-07-27 15:25:55','admin','',0),(135,NULL,'资产池管理',134,1,'','assetpool',1,'2017-05-12 14:33:52','1','2017-05-12 14:42:00','1','',0),(136,NULL,'产品管理',NULL,4,'','',1,'2017-05-12 14:34:20','1','2017-07-27 15:26:01','admin','',0),(137,NULL,'产品管理',136,1,'','product',1,'2017-05-12 14:35:00','1','2017-07-28 18:16:20','admin','',0),(138,NULL,'产品注册',136,2,'','product/add',1,'2017-05-12 14:35:21','1','2017-08-07 11:17:44','admin','',0),(139,NULL,'产品审核',136,3,'','product/audit',1,'2017-05-12 14:35:45','1','2017-05-12 14:41:35','1','',0),(140,NULL,'披露信息管理',136,4,'','product/public',1,'2017-05-12 14:36:26','1',NULL,NULL,'',0),(141,NULL,'齐全',NULL,NULL,'','',1,'2017-06-02 16:30:19','admin','2017-06-02 16:47:09','admin','',1),(142,NULL,'安安1',NULL,NULL,'','',1,'2017-06-02 16:32:14','admin','2017-06-02 16:46:44','admin','',1),(143,NULL,'升水',NULL,NULL,'','',1,'2017-06-02 16:42:33','admin','2017-06-02 16:47:01','admin','',1),(144,NULL,'请求',NULL,NULL,'','',1,'2017-06-02 16:46:17','admin','2017-06-02 16:47:04','admin','',1),(145,NULL,'财务管理',NULL,100,'','',2,'2017-06-16 10:31:15','admin','2017-11-14 10:40:54','admin','',0),(146,NULL,'对公虚拟账户管理',145,NULL,'','finance/publicVirtualAccount',1,'2017-06-16 10:33:51','admin','2017-06-16 10:40:37','admin','',0),(147,NULL,'合同管理',NULL,NULL,'','',1,'2017-06-23 09:34:36','admin','2017-06-23 09:36:34','admin','',1),(148,NULL,'合同一',147,NULL,'','pact',1,'2017-06-23 09:35:53','admin','2017-06-23 09:36:30','admin','',1),(149,NULL,'授信资产批量录入',72,4,'','asset/creditAssetImport',1,'2017-06-26 09:54:38','admin','2017-06-26 10:00:05','admin','',0),(150,NULL,'授信资产录入初审',72,5,'','asset/creditAssetAudit',1,'2017-06-26 09:55:17','admin','2017-07-03 10:09:58','admin','',0),(151,NULL,'授信资产合同生成',72,7,'','asset/creditAssetPact',1,'2017-06-26 10:12:23','admin','2017-07-03 11:01:16','admin','',0),(152,NULL,'财务管理',NULL,NULL,'','',1,'2017-06-26 10:22:25','admin','2018-04-23 17:26:03','admin','',0),(153,NULL,'机构账户管理(宝付)',152,1,'','pay/tradeStatus',1,'2017-06-26 10:22:54','admin','2018-01-03 16:01:49','admin','',0),(154,NULL,'银行信息管理',152,2,'','pay/bankInfo',2,'2017-06-26 10:23:36','admin','2017-10-13 11:26:52','admin','',0),(155,NULL,'对账结果查询',152,3,'','pay/checkResult',2,'2017-06-26 10:24:06','admin','2017-10-13 11:27:03','admin','',0),(156,NULL,'选择备案资产',134,2,'','assetpool/selectAssetRecord',2,'2017-06-27 10:34:44','admin','2017-06-29 15:31:31','admin','',0),(157,NULL,'更新备案状态',134,3,'','assetpool/updateAssetRecordStatus',2,'2017-06-27 10:35:34','admin','2017-06-29 15:31:58','admin','',0),(158,NULL,'交易所备案',134,4,'','assetpool/exchangeRecord',1,'2017-06-27 10:36:26','admin','2017-06-30 11:16:55','admin','',0),(159,NULL,'资产清结算中心',NULL,NULL,'','',1,'2017-06-27 11:14:03','admin','2017-07-27 15:25:08','admin','',0),(160,NULL,'授信资产录入终审',72,6,'','asset/creditassetauditultimately',1,'2017-07-03 11:00:17','admin','2017-07-03 11:08:33','admin','',0),(161,NULL,'用户信息',NULL,99,'','',1,'2017-07-04 17:07:20','yinshipeng','2017-12-04 12:59:06','admin','',0),(162,NULL,'个人信息',161,1,'','person',1,'2017-07-04 17:09:02','yinshipeng',NULL,NULL,'',0),(163,NULL,'修改密码',161,2,'','password',1,'2017-07-04 17:09:28','yinshipeng',NULL,NULL,'',0),(164,NULL,'授信资产统计报表',159,1,'','report/creditAsset',1,'2017-07-07 14:47:41','admin','2017-07-07 15:53:03','admin','',0),(165,NULL,'备案记录',134,5,'','assetpool/exchangeFillRecord',2,'2017-07-28 11:29:04','admin','2017-08-03 17:07:42','admin','',0),(166,NULL,'多交所备案统计',159,2,'','report/creditAssetReceivable',1,'2017-07-31 13:59:57','admin','2017-08-10 14:55:50','admin','',0),(167,NULL,'按钮中心',NULL,NULL,'','',1,'2017-08-02 18:57:01','admin','2017-08-02 19:01:04','admin','',1),(168,NULL,'button',167,NULL,'','button',1,'2017-08-02 18:57:32','admin','2017-08-02 19:01:00','admin','',1),(169,NULL,'王子南测试用',NULL,NULL,'一级菜单（王子南测试用）','wzntest1',1,'2017-09-05 17:04:01','15','2017-11-14 10:15:02','admin','*******',1),(170,NULL,'支付管理',NULL,NULL,'','',1,'2017-10-11 08:33:16','admin','2017-10-11 08:33:48','admin','',1),(171,NULL,'机构账户管理(银商通)',152,4,'','operationManage/tradestatussilver',1,'2017-10-11 17:44:01','admin','2017-12-25 15:08:10','admin','',0),(172,NULL,'还款兑付',159,5,'','repaymentCash',2,'2017-10-13 10:30:23','admin','2018-01-17 10:20:35','admin','',0),(173,NULL,'等待兑付',159,6,'','overdueCash',1,'2017-10-13 14:47:21','admin','2017-12-26 16:07:43','admin','',0),(174,NULL,'支付运营',NULL,NULL,'','',1,'2017-10-18 09:46:33','admin','2017-11-14 10:50:17','admin','',0),(175,NULL,'人工交易重试',174,1,'','bankManagement/PersonExchangeRetry',1,'2017-10-18 09:48:17','admin',NULL,NULL,'',0),(176,NULL,'P2P产品管理',NULL,4,'','',1,'2017-10-26 17:34:28','admin','2018-01-06 11:13:57','admin','',0),(177,NULL,'p2p产品管理',176,1,'','productp2p',1,'2017-10-26 17:34:59','admin',NULL,NULL,'',0),(178,NULL,'p2p产品注册',176,2,'','productp2p/add',1,'2017-10-30 14:25:43','admin',NULL,NULL,'',0),(179,NULL,'p2p产品审核',176,NULL,'','productp2p/audit',1,'2017-10-30 14:27:05','admin',NULL,NULL,'',0),(180,NULL,'复投清算报表',159,7,'','redeliveryClear',1,'2017-11-13 15:44:59','admin','2017-11-13 15:45:40','admin','',0),(181,NULL,'资产池明细',134,NULL,'','assetpool/detail/:id',1,'2017-11-13 18:08:02','admin','2017-11-13 18:28:35','admin','',0),(182,NULL,'客服管理',NULL,NULL,'','',1,'2017-11-14 10:47:02','admin','2017-11-14 10:50:28','admin','',0),(183,NULL,'交易所用户管理',182,NULL,'','pay/exchangeusermanagement',1,'2017-11-14 10:49:25','admin','2017-11-14 10:54:18','admin','',0),(184,NULL,'银行限额管理',174,2,'','bankmanagement/bankquota',1,'2017-11-14 17:19:30','admin','2017-12-02 11:28:44','admin','',0),(185,NULL,'内容管理',NULL,NULL,'','',1,'2017-11-15 13:59:31','admin',NULL,NULL,'',0),(186,NULL,'内容类别',185,1,'','content/category',1,'2017-11-15 14:02:37','admin',NULL,NULL,'',0),(187,NULL,'内容页',185,2,'','content/info',1,'2017-11-15 14:03:53','admin',NULL,NULL,'',0),(188,NULL,'内容管理中心',NULL,NULL,'','',1,'2017-11-23 17:26:03','admin',NULL,NULL,'',0),(189,NULL,'内容列表',188,NULL,'','contentList',1,'2017-11-23 17:36:40','admin',NULL,NULL,'',0),(190,NULL,'内容模板',188,NULL,'','contentTemplate',1,'2017-11-23 17:38:45','admin',NULL,NULL,'',0),(191,NULL,'签章管理',NULL,NULL,'电子签章','',1,'2017-11-29 14:28:41','admin','2017-11-29 14:31:50','admin','',1),(192,NULL,'文件管理中心',NULL,NULL,'','',1,'2017-11-29 14:33:30','admin',NULL,NULL,'',0),(193,NULL,'模版管理',192,1,'','TMcenter',1,'2017-11-29 14:34:40','admin',NULL,NULL,'',0),(194,NULL,'签章管理',NULL,7,'电子签章','',1,'2017-11-29 15:10:05','admin','2017-12-04 13:00:09','admin','',0),(195,NULL,'待签章列表',194,1,'','qjsawaitSignaturemanage',1,'2017-11-29 15:11:01','admin','2017-12-07 10:54:01','admin','',0),(196,NULL,'准入申请管理',NULL,5,'准入申请审批流程管理','',1,'2017-11-30 09:59:31','admin','2017-12-04 12:59:44','admin','',0),(197,NULL,'准入申请管理列表',196,NULL,'','admittanceApplyManageList',1,'2017-11-30 10:02:02','admin',NULL,NULL,'',0),(198,NULL,'挂牌申请管理',NULL,6,'','',1,'2017-12-04 10:39:25','admin','2017-12-04 12:59:51','admin','',0),(199,NULL,'挂牌申请管理列表',198,NULL,'','listedapplymanagelist',1,'2017-12-04 10:43:02','admin',NULL,NULL,'',0),(200,NULL,'签章列表',194,2,'','qjssignaturelist',1,'2017-12-05 18:20:33','admin','2017-12-07 10:54:21','admin','',0),(201,NULL,'个人',161,NULL,'','dad',1,'2017-12-14 19:25:29','admin','2017-12-14 19:25:39','admin','',1),(202,NULL,'债权管理',NULL,8,'','',1,'2018-01-06 14:00:20','admin','2018-01-17 10:10:59','admin','',0),(203,NULL,'债权管理（资产）',202,1,'','credit/creditormanage',1,'2018-01-06 14:02:05','admin','2018-01-08 18:38:35','admin','',0),(204,NULL,'募集目录',NULL,9,'','',1,'2018-01-08 11:15:00','admin','2018-01-17 10:11:13','admin','',0),(205,NULL,'产品募集',204,1,'','collectproductAdd',1,'2018-01-08 11:15:54','admin','2018-01-09 21:01:32','admin','',0),(206,NULL,'兑付计划',159,3,'','report/cashplan',1,'2018-01-08 14:49:01','admin','2018-01-08 18:40:59','admin','',0),(207,NULL,'募集产品审核',204,3,'','collectproductaudit',1,'2018-01-08 16:22:37','admin','2018-01-09 20:59:46','admin','',0),(208,NULL,'人工交易重试（p2p）',174,NULL,'','bankManagement/p2ppersonexchangeretry',1,'2018-01-08 18:11:34','admin','2018-01-08 18:43:21','admin','',0),(209,NULL,'P2P用户管理（投资端）',182,NULL,'','user/investuser',1,'2018-01-08 18:55:46','admin',NULL,NULL,'',0),(210,NULL,'募集产品列表',204,2,'','collectproduct',1,'2018-01-09 20:59:20','admin','2018-01-09 20:59:36','admin','',0),(211,NULL,'盖章发起',192,2,'','file/stampstart',1,'2018-01-18 09:45:25','admin','2018-01-18 09:51:53','admin','',0),(212,NULL,'盖章管理',192,3,'','file/stampmanage',1,'2018-01-18 09:52:30','admin',NULL,NULL,'',0),(213,NULL,'宝付绑卡问题处理',174,3,'','bankmanagement/tiecard',1,'2018-03-06 13:42:14','admin','2018-03-06 13:48:44','admin','',0),(214,NULL,'交易结果查询',174,4,'','bankManagement/transactionresultquery',2,'2018-03-06 15:41:43','admin','2018-05-02 17:11:04','admin','',0),(215,NULL,'市场资金查询',152,2,'','operationManage/marketfundsenquiry',1,'2018-03-06 16:39:57','admin','2018-03-06 16:40:36','admin','',0),(216,NULL,'逾期报表',159,NULL,'','clear/overdue',1,'2018-03-08 14:38:39','admin',NULL,NULL,'',0),(217,NULL,'预约计划管理',NULL,NULL,'','',1,'2018-04-16 18:19:42','admin',NULL,NULL,'',0),(218,NULL,'预约计划发行',217,1,'','appointment/publish',1,'2018-04-16 18:20:27','admin','2018-04-16 18:24:51','admin','',0),(219,NULL,'预约计划审核',217,2,'','appointment/check',1,'2018-04-16 18:32:40','admin',NULL,NULL,'',0),(220,NULL,'预约计划管理',217,3,'','appointment/manage',1,'2018-04-16 18:33:29','admin',NULL,NULL,'',0),(221,NULL,'用户信息展示',NULL,NULL,'','',1,'2018-06-06 09:56:25','admin',NULL,NULL,'',0),(222,NULL,'展示列表',221,1,'','showusermessage',1,'2018-06-06 09:57:28','admin','2018-06-06 09:58:27','admin','',0);

/*Data for the table `power` */

insert  into `power`(`id`,`menu_id`,`operation_code`,`name`,`request_url`,`remark`,`create_time`,`create_by`,`modify_time`,`modify_by`,`delete_flag`) values (12,85,'Select','系统管理-查询',NULL,'','2017-02-28 09:59:18','3',NULL,NULL,0),(17,86,'Select','菜单管理-查询',NULL,'','2017-02-28 10:02:38','3',NULL,NULL,0),(34,87,'Select','角色管理-查询',NULL,'','2017-03-01 16:40:57','3',NULL,NULL,0),(36,90,'Select','权限管理-查询',NULL,'','2017-03-01 16:41:24','3',NULL,NULL,0),(62,86,'Add','菜单管理-新增',NULL,'','2017-03-07 10:43:05','1',NULL,NULL,0),(63,90,'Add','权限管理-新增',NULL,'','2017-03-07 10:43:16','1',NULL,NULL,0),(64,87,'Add','角色管理-新增',NULL,'','2017-03-07 10:43:33','1',NULL,NULL,0),(88,89,'Add','用户管理-新增',NULL,'','2017-05-11 14:10:30','1','2017-05-11 14:10:35',NULL,0),(89,77,'Add','客户信息查询-新增',NULL,'','2017-05-11 14:26:17','1','2017-05-12 09:56:45','1',1),(90,78,'Add','企业证照认证-新增',NULL,'','2017-05-11 14:26:25','1','2017-05-12 09:57:12','1',1),(91,88,'Add','法人资料认证-新增',NULL,'','2017-05-11 14:26:32','1','2017-05-12 09:57:02','1',1),(92,95,'Add','业务单查询-新增',NULL,'','2017-05-11 14:26:40','1','2017-05-12 14:25:31','1',1),(93,96,'Add','批次对账-新增',NULL,'','2017-05-11 14:26:48','1','2017-05-12 14:25:28','1',1),(94,97,'Add','补单-新增',NULL,'','2017-05-11 14:26:58','1','2017-05-12 14:25:26','1',1),(95,117,'Add','还款计划-新增',NULL,'','2017-05-11 14:27:13','1','2017-05-12 14:25:23','1',1),(96,80,'Add','资产仓库-新增',NULL,'','2017-05-11 14:27:22','1','2017-05-12 14:25:20','1',1),(97,82,'Add','资产池-新增',NULL,'','2017-05-11 14:27:31','1','2017-05-12 14:25:17','1',1),(98,81,'Add','资产入库-新增',NULL,'','2017-05-11 14:27:40','1','2017-05-12 14:25:37','1',1),(99,84,'Add','交易确认-新增',NULL,'','2017-05-11 14:27:49','1','2017-05-12 14:25:41','1',1),(100,125,'Add','披露信息-新增',NULL,'','2017-05-11 14:27:57','1','2017-05-12 14:25:44','1',1),(101,74,'Add','产品线管理-新增',NULL,'','2017-05-11 14:28:05','1','2017-05-12 14:25:48','1',1),(102,113,'Add','产品管理-新增',NULL,'','2017-05-11 14:28:14','1','2017-05-12 14:26:21','1',1),(103,99,'Add','产品注册-新增',NULL,'','2017-05-11 14:28:24','1','2017-05-12 14:25:13','1',1),(104,101,'Add','定期到期兑付-新增',NULL,'','2017-05-11 14:28:35','1','2017-05-11 18:38:56','1',1),(105,103,'Add','个人信息-新增',NULL,'','2017-05-11 14:28:45','1','2017-05-12 14:25:58','1',1),(106,104,'Add','密码修改-新增',NULL,'','2017-05-11 14:28:54','1','2017-05-12 14:25:54','1',1),(107,93,'Add','字典管理-新增',NULL,'','2017-05-11 14:29:29','1','2017-05-11 14:29:35',NULL,0),(108,94,'Add','日志查询-新增',NULL,'','2017-05-11 14:29:38','1','2017-06-15 14:49:13','admin',1),(109,126,'Add','回款管理-新增',NULL,'','2017-05-12 14:37:41','1','2017-05-12 14:37:46',NULL,0),(110,127,'Add','基础资产管理-新增',NULL,'','2017-05-12 14:37:48','1','2017-05-12 14:37:53',NULL,0),(111,128,'Add','资产审核-新增',NULL,'','2017-05-12 14:37:55','1','2017-05-12 14:38:00',NULL,0),(112,129,'Add','发行方管理-新增',NULL,'','2017-05-12 14:38:02','1','2017-05-12 14:38:08',NULL,0),(113,130,'Add','承销方管理-新增',NULL,'','2017-05-12 14:38:11','1','2017-06-12 11:01:16','admin',1),(114,131,'Add','委托方管理-新增',NULL,'','2017-05-12 14:38:19','1','2017-06-12 11:00:11','admin',1),(115,132,'Add','交易所管理-新增',NULL,'','2017-05-12 14:38:27','1','2017-06-15 14:51:53','admin',1),(116,133,'Add','项目管理 project-新增',NULL,'','2017-05-12 14:38:39','1','2017-06-15 14:52:02','admin',1),(117,135,'Add','资产池管理 assetpool-新增',NULL,'','2017-05-12 14:38:46','1','2017-05-12 14:38:51',NULL,0),(118,137,'Add','产品管理 product-新增',NULL,'','2017-05-12 14:38:56','1','2017-05-12 14:39:01',NULL,0),(119,138,'Add','产品注册 product/add-新增',NULL,'','2017-05-12 14:39:05','1','2017-05-12 14:39:10',NULL,0),(120,139,'Add','产品审核 product/audit-新增',NULL,'','2017-05-12 14:39:14','1','2017-05-12 14:39:19',NULL,0),(121,140,'Add','披露信息管理-新增',NULL,'','2017-05-12 14:40:08','1','2017-05-12 14:40:13',NULL,0),(122,131,'Select','受托方管理-查询',NULL,'受托方管理','2017-06-12 11:00:35','admin','2017-06-15 14:51:39','admin',1),(123,131,'Add','受托方管理-新增',NULL,'','2017-06-12 11:02:11','admin','2017-06-15 14:51:36','admin',1),(124,146,'Add','对公虚拟账户管理-新增',NULL,'','2017-06-16 10:34:14','admin','2017-06-16 10:36:07',NULL,0),(125,149,'Add','授信资产批量录入-新增',NULL,'','2017-06-26 10:02:14','admin',NULL,NULL,0),(126,150,'Add','授信资产录入审核-新增',NULL,'','2017-06-26 10:02:23','admin',NULL,NULL,0),(127,151,'Add','授信资产合同生成-新增',NULL,'','2017-06-26 10:12:35','admin',NULL,NULL,0),(128,153,'Add','交易状态查询-新增',NULL,'','2017-06-26 10:24:22','admin',NULL,NULL,0),(129,154,'Add','银行信息管理-新增',NULL,'','2017-06-26 10:24:30','admin',NULL,NULL,0),(130,155,'Add','对账结果查询-新增',NULL,'','2017-06-26 10:24:38','admin',NULL,NULL,0),(131,156,'Add','选择备案资产-新增',NULL,'','2017-06-27 10:36:39','admin',NULL,NULL,0),(132,157,'Add','更新备案状态-新增',NULL,'','2017-06-27 10:36:49','admin',NULL,NULL,0),(133,158,'Add','备案合同生成-新增',NULL,'','2017-06-27 10:36:57','admin',NULL,NULL,0),(134,160,'Select','授信资产录入终审-查询',NULL,'','2017-07-03 11:01:31','admin',NULL,NULL,0),(135,162,'Add','个人信息-新增',NULL,'','2017-07-04 17:09:52','yinshipeng',NULL,NULL,0),(136,163,'Modify','修改密码-修改',NULL,'','2017-07-04 17:09:59','yinshipeng',NULL,NULL,0),(137,164,'Select','授信资产统计报表-查询',NULL,'','2017-07-07 14:47:50','admin',NULL,NULL,0),(138,153,'Select','交易状态查询-查询',NULL,'','2017-07-12 14:03:05','admin',NULL,NULL,0),(139,155,'Select','对账结果查询-查询',NULL,'','2017-07-12 14:03:27','admin',NULL,NULL,0),(140,165,'Add','备案记录-新增',NULL,'','2017-07-28 11:39:33','admin',NULL,NULL,0),(141,166,'Select','多交易所备案清算统计报表-查询',NULL,'','2017-07-31 14:25:08','admin',NULL,NULL,0),(142,168,'Modify','button-修改',NULL,'','2017-08-02 18:58:09','admin','2017-08-02 19:00:43','admin',1),(143,171,'Select','交易所用户管理-查询',NULL,'','2017-10-11 17:58:20','admin',NULL,NULL,0),(144,172,'Select','还款兑付-查询',NULL,'还款兑付-查询','2017-10-13 10:30:44','admin',NULL,NULL,0),(145,173,'Add','逾期兑付-新增',NULL,'','2017-10-13 14:48:01','admin',NULL,NULL,0),(146,175,'Add','人工交易重试-新增',NULL,'','2017-10-18 09:48:36','admin',NULL,NULL,0),(147,177,'Select','p2p产品管理-查询',NULL,'','2017-10-26 17:35:15','admin',NULL,NULL,0),(148,179,'Add','p2p产品审核-新增',NULL,'','2017-10-30 14:28:09','admin',NULL,NULL,0),(149,178,'Add','p2p产品注册-新增',NULL,'','2017-10-30 14:28:23','admin',NULL,NULL,0),(150,180,'Add','复投清算报表-新增',NULL,'','2017-11-13 15:46:17','admin',NULL,NULL,0),(151,183,'Select','交易所用户管理-查询',NULL,'','2017-11-14 10:54:51','admin',NULL,NULL,0),(152,184,'Select','银行限额管理-查询',NULL,'','2017-11-14 17:19:47','admin',NULL,NULL,0),(153,186,'Select','内容类别-查询',NULL,'','2017-11-15 14:06:47','admin',NULL,NULL,0),(154,187,'Select','内容页-查询',NULL,'','2017-11-15 14:11:03','admin',NULL,NULL,0),(155,189,'Add','内容列表-新增',NULL,'','2017-11-23 17:37:38','admin',NULL,NULL,0),(156,190,'Add','内容模板-新增',NULL,'','2017-11-23 17:39:14','admin',NULL,NULL,0),(157,193,'Select','模版管理-查询',NULL,'','2017-11-29 14:38:08','admin',NULL,NULL,0),(158,195,'Add','侨金所签章管理-新增',NULL,'','2017-11-29 16:10:09','admin',NULL,NULL,0),(159,197,'Select','准入申请管理列表-查询',NULL,'','2017-11-30 10:03:26','admin',NULL,NULL,0),(160,199,'Add','挂牌申请管理列表-新增',NULL,'','2017-12-04 10:44:01','admin',NULL,NULL,0),(161,200,'Select','乔金所签章列表-查询',NULL,'','2017-12-05 18:21:39','admin',NULL,NULL,0),(162,195,'sign_9_1','侨金所待签章列表-侨金所签章1',NULL,'侨金所签章1','2017-12-06 17:39:02','superAdmin','2017-12-06 18:23:20',NULL,0),(163,195,'sign_10_2','侨金所待签章列表-侨金所签章2',NULL,'侨金所签章2','2017-12-06 17:39:24','superAdmin','2017-12-06 18:23:27',NULL,0),(164,195,'sign_11_3','侨金所待签章列表-侨金所签章3',NULL,'侨金所签章3','2017-12-06 17:39:46','superAdmin','2017-12-06 18:23:33',NULL,0),(165,171,'Add','机构账户管理(银商通)-新增',NULL,'','2017-12-19 10:57:19','admin',NULL,NULL,0),(166,203,'Select','债权管理（资产）-查询',NULL,'','2018-01-06 14:04:48','admin',NULL,NULL,0),(167,205,'Add','募集目录-新增',NULL,'','2018-01-08 11:17:23','admin',NULL,NULL,0),(168,206,'Add','兑付计划-新增',NULL,'','2018-01-08 14:50:47','admin',NULL,NULL,0),(169,207,'Select','募集产品审核-查询',NULL,'','2018-01-08 16:23:04','admin',NULL,NULL,0),(170,208,'Add','人工交易重试（p2p）-新增',NULL,'','2018-01-08 18:11:54','admin',NULL,NULL,0),(171,209,'Add','P2P用户管理（投资端）-新增',NULL,'','2018-01-08 18:57:10','admin',NULL,NULL,0),(172,210,'Select','募集产品列表-查询',NULL,'','2018-01-09 21:00:13','admin',NULL,NULL,0),(173,211,'Add','盖章发起-新增',NULL,'','2018-01-18 09:46:02','admin',NULL,NULL,0),(174,212,'Select','盖章管理-查询','','','2018-01-18 09:53:00','admin','2018-01-18 09:53:16','admin',0),(175,213,'Add','宝付绑卡问题处理-新增',NULL,'','2018-03-06 13:43:44','admin',NULL,NULL,0),(176,175,'Select','人工交易重试-查询',NULL,'','2018-03-06 15:36:12','admin',NULL,NULL,0),(177,214,'Select','交易结果查询-查询',NULL,'','2018-03-06 15:42:06','admin',NULL,NULL,0),(178,215,'Select','市场资金查询-查询',NULL,'','2018-03-06 16:40:57','admin',NULL,NULL,0),(179,216,'Select','逾期报表-查询',NULL,'','2018-03-08 14:40:51','admin',NULL,NULL,0),(180,218,'Add','预约计划发行-新增',NULL,'','2018-04-16 18:21:19','admin',NULL,NULL,0),(181,219,'Select','预约计划审核-查询',NULL,'','2018-04-16 18:34:12','admin',NULL,NULL,0),(182,220,'Select','预约计划管理-查询',NULL,'','2018-04-16 18:34:31','admin',NULL,NULL,0),(183,222,'Select','展示列表-查询',NULL,'','2018-06-06 10:03:01','admin',NULL,NULL,0),(184,222,'Add','展示列表-新增',NULL,'','2018-06-06 10:03:41','admin',NULL,NULL,0);

/*Data for the table `role` */

insert  into `role`(`id`,`name`,`sign_level`,`create_time`,`create_by`,`modify_by`,`modify_time`,`remark`,`delete_flag`) values (1,'admin',NULL,'2017-02-23 14:33:55','1','3','2017-03-02 08:32:09','拥有所有操作权限',0),(2,'boss',NULL,'2017-06-06 14:45:06','admin','admin','2017-06-06 14:45:17','打boss',1),(3,'guest','ASSET_APPROVE_LEVEL1','2017-06-21 16:14:37','admin','admin','2017-08-04 09:49:14','部分权限',0),(4,'授信资产一审',NULL,'2017-06-29 18:01:28','admin','admin','2017-06-30 10:27:27','',1),(5,'客服岗','ASSET_APPROVE_LEVEL2','2017-06-30 15:06:42','admin','admin','2017-07-14 11:02:34','客服岗',0),(6,'审核岗','ASSET_APPROVE_LEVEL1','2017-06-30 15:11:35','admin','admin','2017-07-14 11:02:08','审核岗',0),(7,'合同岗',NULL,'2017-07-14 11:03:03','admin',NULL,NULL,'合同岗',0),(8,'资管岗',NULL,'2017-07-14 11:03:14','admin',NULL,NULL,'资管岗',0),(9,'发行管理岗',NULL,'2017-07-14 11:03:25','admin',NULL,'2017-12-19 19:16:35','产品发行岗',0),(10,'侨金所签章权限',NULL,'2017-12-06 15:53:48','admin','admin','2017-12-14 15:48:27','侨金所签章岗，该岗位有签章的权限',1),(11,'资邦元达签章权限',NULL,'2017-12-09 11:41:19','admin','admin','2017-12-14 15:48:35','资邦元达签章角色',0),(12,'国通签章权限',NULL,'2017-12-09 11:49:57','admin','admin','2017-12-14 15:46:44','国通签章角色',0),(13,'侨金所签章权限',NULL,'2017-12-14 15:46:03','admin',NULL,NULL,'侨金所签章权限',0),(14,'融早签章权限',NULL,'2017-12-14 15:47:25','admin',NULL,NULL,'融早签章权限',0),(15,'填报权限','APPLY_FILL','2017-12-20 16:20:11','admin',NULL,NULL,'',0),(16,'补充上传权限','APPLY_ACTIVE','2017-12-20 16:20:48','admin',NULL,NULL,'',0),(17,'申请一审权限','APPLY_AUDIT1','2017-12-20 16:21:14','admin',NULL,NULL,'',0),(18,'申请二审','APPLY_AUDIT2','2017-12-20 16:21:30','admin','admin','2017-12-20 16:24:40','',0),(19,'签章归档权限','APPLY_PIGE','2017-12-20 16:52:27','admin',NULL,NULL,'',0),(20,'去章',NULL,'2017-12-22 17:38:19','admin','admin','2017-12-22 17:51:10','去章角色',0),(21,'云南安果经贸有限公司签章权限','SIGN_ROLE','2018-01-25 10:27:14','admin','admin','2018-04-18 16:42:34','云南安果经贸有限公司',0),(22,'成都苑博贸易有限公司','SIGN_ROLE','2018-01-25 10:27:32','admin',NULL,NULL,'成都苑博贸易有限公司',0),(23,'广州怡搏轩贸易有限责任公司','SIGN_ROLE','2018-01-25 10:27:39','admin','admin','2018-02-07 15:06:30','广州怡搏轩贸易有限责任公司',0),(24,'浙江盛金铜业有限公司','SIGN_ROLE','2018-01-25 10:27:45','admin',NULL,NULL,'浙江盛金铜业有限公司',0),(25,'浙江玉鹄控股有限公司','SIGN_ROLE','2018-01-25 10:27:53','admin',NULL,NULL,'浙江玉鹄控股有限公司',0),(26,'上海亚深石油化工有限公司','SIGN_ROLE','2018-01-25 10:27:59','admin','admin','2018-02-07 15:07:22','上海亚深石油化工有限公司',0),(27,'江苏普福贸易有限公司','SIGN_ROLE','2018-01-25 10:28:06','admin',NULL,NULL,'江苏普福贸易有限公司',0),(28,'云南汇百金经贸有限公司签章权限','SIGN_ROLE','2018-01-25 10:28:12','admin','admin','2018-04-18 16:36:00','云南汇百金经贸有限公司',0),(29,'国通商业保理（天津）有限公司','SIGN_ROLE','2018-01-25 10:28:19','admin',NULL,NULL,'国通商业保理（天津）有限公司',0),(30,'广州融早资产管理有限公司','SIGN_ROLE','2018-01-25 10:28:25','admin',NULL,NULL,'广州融早资产管理有限公司',0),(31,'发起方',NULL,'2018-01-25 11:29:33','admin',NULL,NULL,'发起方',0),(32,'广州怡搏轩贸易有限责任公司','SIGN_ROLE','2018-02-07 15:04:41','admin','admin','2018-02-07 15:05:20','广州怡搏轩贸易有限责任公司',1),(33,'成都庆硕科技有限公司','SIGN_ROLE','2018-02-07 15:05:30','admin',NULL,NULL,'成都庆硕科技有限公司',0),(34,'四川奥乐物联电子商务有限公司','SIGN_ROLE','2018-02-07 15:05:44','admin',NULL,NULL,'四川奥乐物联电子商务有限公司',0),(35,'fdsafds','ASSET_APPROVE_LEVEL2','2018-03-22 17:35:29','admin','admin','2018-04-10 13:31:39','',1);

/*Data for the table `role_power` */

insert  into `role_power`(`id`,`create_time`,`create_by`,`modify_time`,`modify_by`,`role_id`,`power_id`) values (2484,'2017-07-14 11:16:29','admin',NULL,NULL,8,110),(2485,'2017-07-14 11:16:29','admin',NULL,NULL,8,125),(2486,'2017-07-14 11:16:29','admin',NULL,NULL,8,137),(2487,'2017-07-14 11:16:29','admin',NULL,NULL,8,135),(2488,'2017-07-14 11:16:29','admin',NULL,NULL,8,136),(2489,'2017-07-14 11:16:33','admin',NULL,NULL,7,127),(2490,'2017-07-14 11:16:33','admin',NULL,NULL,7,135),(2491,'2017-07-14 11:16:33','admin',NULL,NULL,7,136),(3097,'2017-08-03 15:02:51','admin',NULL,NULL,5,110),(3098,'2017-08-03 15:02:51','admin',NULL,NULL,5,111),(3099,'2017-08-03 15:02:51','admin',NULL,NULL,5,112),(3100,'2017-08-03 15:02:51','admin',NULL,NULL,5,125),(3101,'2017-08-03 15:02:51','admin',NULL,NULL,5,126),(3102,'2017-08-03 15:02:51','admin',NULL,NULL,5,127),(3103,'2017-08-03 15:02:51','admin',NULL,NULL,5,134),(3128,'2017-08-03 15:04:29','admin',NULL,NULL,6,110),(3129,'2017-08-03 15:04:29','admin',NULL,NULL,6,111),(3130,'2017-08-03 15:04:29','admin',NULL,NULL,6,112),(3131,'2017-08-03 15:04:29','admin',NULL,NULL,6,125),(3132,'2017-08-03 15:04:29','admin',NULL,NULL,6,126),(3133,'2017-08-03 15:04:29','admin',NULL,NULL,6,127),(3134,'2017-08-03 15:04:29','admin',NULL,NULL,6,134),(3135,'2017-08-03 15:04:29','admin',NULL,NULL,6,62),(3136,'2017-08-03 15:04:29','admin',NULL,NULL,6,17),(3137,'2017-08-03 15:04:29','admin',NULL,NULL,6,64),(3138,'2017-08-03 15:04:29','admin',NULL,NULL,6,34),(3139,'2017-08-03 15:04:29','admin',NULL,NULL,6,88),(3140,'2017-08-03 15:04:29','admin',NULL,NULL,6,63),(3141,'2017-08-03 15:04:29','admin',NULL,NULL,6,36),(3142,'2017-08-03 15:04:29','admin',NULL,NULL,6,107),(3143,'2017-08-03 15:04:29','admin',NULL,NULL,6,109),(3144,'2017-08-03 15:04:29','admin',NULL,NULL,6,117),(3145,'2017-08-03 15:04:29','admin',NULL,NULL,6,133),(3146,'2017-08-03 15:04:29','admin',NULL,NULL,6,140),(3147,'2017-08-03 15:04:29','admin',NULL,NULL,6,118),(3148,'2017-08-03 15:04:29','admin',NULL,NULL,6,119),(3149,'2017-08-03 15:04:29','admin',NULL,NULL,6,120),(3150,'2017-08-03 15:04:29','admin',NULL,NULL,6,121),(3151,'2017-08-03 15:04:29','admin',NULL,NULL,6,124),(3152,'2017-08-03 15:04:29','admin',NULL,NULL,6,138),(3153,'2017-08-03 15:04:29','admin',NULL,NULL,6,128),(3154,'2017-08-03 15:04:29','admin',NULL,NULL,6,129),(3155,'2017-08-03 15:04:29','admin',NULL,NULL,6,139),(3156,'2017-08-03 15:04:29','admin',NULL,NULL,6,130),(3157,'2017-08-03 15:04:29','admin',NULL,NULL,6,137),(3158,'2017-08-03 15:04:29','admin',NULL,NULL,6,141),(3159,'2017-08-03 15:04:29','admin',NULL,NULL,6,135),(3160,'2017-08-03 15:04:29','admin',NULL,NULL,6,136),(3174,'2017-08-04 09:51:37','admin',NULL,NULL,3,110),(3175,'2017-08-04 09:51:37','admin',NULL,NULL,3,111),(3176,'2017-08-04 09:51:37','admin',NULL,NULL,3,112),(3177,'2017-08-04 09:51:37','admin',NULL,NULL,3,125),(3178,'2017-08-04 09:51:37','admin',NULL,NULL,3,126),(3179,'2017-08-04 09:51:37','admin',NULL,NULL,3,127),(3847,'2017-12-09 11:41:27','admin',NULL,NULL,11,164),(3848,'2017-12-09 11:41:27','admin',NULL,NULL,11,163),(3849,'2017-12-09 11:41:27','admin',NULL,NULL,11,162),(3850,'2017-12-09 11:41:27','admin',NULL,NULL,11,158),(3953,'2017-12-22 16:37:55','admin',NULL,NULL,9,117),(3954,'2017-12-22 16:37:55','admin',NULL,NULL,9,133),(3955,'2017-12-22 16:37:55','admin',NULL,NULL,9,137),(3956,'2017-12-22 16:37:55','admin',NULL,NULL,9,135),(3957,'2017-12-22 16:37:55','admin',NULL,NULL,9,136),(3958,'2017-12-22 16:37:55','admin',NULL,NULL,9,161),(3959,'2017-12-22 16:37:55','admin',NULL,NULL,9,159),(3960,'2017-12-22 16:37:55','admin',NULL,NULL,9,160),(3961,'2017-12-22 16:41:44','admin',NULL,NULL,12,161),(5308,'2018-06-06 10:04:15','admin',NULL,NULL,1,110),(5309,'2018-06-06 10:04:15','admin',NULL,NULL,1,111),(5310,'2018-06-06 10:04:15','admin',NULL,NULL,1,112),(5311,'2018-06-06 10:04:15','admin',NULL,NULL,1,125),(5312,'2018-06-06 10:04:15','admin',NULL,NULL,1,127),(5313,'2018-06-06 10:04:15','admin',NULL,NULL,1,62),(5314,'2018-06-06 10:04:15','admin',NULL,NULL,1,17),(5315,'2018-06-06 10:04:15','admin',NULL,NULL,1,64),(5316,'2018-06-06 10:04:15','admin',NULL,NULL,1,34),(5317,'2018-06-06 10:04:15','admin',NULL,NULL,1,88),(5318,'2018-06-06 10:04:15','admin',NULL,NULL,1,63),(5319,'2018-06-06 10:04:15','admin',NULL,NULL,1,36),(5320,'2018-06-06 10:04:15','admin',NULL,NULL,1,107),(5321,'2018-06-06 10:04:15','admin',NULL,NULL,1,117),(5322,'2018-06-06 10:04:15','admin',NULL,NULL,1,133),(5323,'2018-06-06 10:04:15','admin',NULL,NULL,1,118),(5324,'2018-06-06 10:04:15','admin',NULL,NULL,1,119),(5325,'2018-06-06 10:04:15','admin',NULL,NULL,1,120),(5326,'2018-06-06 10:04:15','admin',NULL,NULL,1,121),(5327,'2018-06-06 10:04:15','admin',NULL,NULL,1,138),(5328,'2018-06-06 10:04:15','admin',NULL,NULL,1,128),(5329,'2018-06-06 10:04:15','admin',NULL,NULL,1,165),(5330,'2018-06-06 10:04:15','admin',NULL,NULL,1,143),(5331,'2018-06-06 10:04:15','admin',NULL,NULL,1,178),(5332,'2018-06-06 10:04:15','admin',NULL,NULL,1,137),(5333,'2018-06-06 10:04:15','admin',NULL,NULL,1,141),(5334,'2018-06-06 10:04:15','admin',NULL,NULL,1,145),(5335,'2018-06-06 10:04:15','admin',NULL,NULL,1,150),(5336,'2018-06-06 10:04:15','admin',NULL,NULL,1,168),(5337,'2018-06-06 10:04:15','admin',NULL,NULL,1,179),(5338,'2018-06-06 10:04:15','admin',NULL,NULL,1,135),(5339,'2018-06-06 10:04:15','admin',NULL,NULL,1,136),(5340,'2018-06-06 10:04:15','admin',NULL,NULL,1,146),(5341,'2018-06-06 10:04:15','admin',NULL,NULL,1,152),(5342,'2018-06-06 10:04:15','admin',NULL,NULL,1,170),(5343,'2018-06-06 10:04:15','admin',NULL,NULL,1,175),(5344,'2018-06-06 10:04:15','admin',NULL,NULL,1,147),(5345,'2018-06-06 10:04:15','admin',NULL,NULL,1,149),(5346,'2018-06-06 10:04:15','admin',NULL,NULL,1,148),(5347,'2018-06-06 10:04:15','admin',NULL,NULL,1,151),(5348,'2018-06-06 10:04:15','admin',NULL,NULL,1,171),(5349,'2018-06-06 10:04:15','admin',NULL,NULL,1,173),(5350,'2018-06-06 10:04:15','admin',NULL,NULL,1,174),(5351,'2018-06-06 10:04:15','admin',NULL,NULL,1,159),(5352,'2018-06-06 10:04:15','admin',NULL,NULL,1,160),(5353,'2018-06-06 10:04:15','admin',NULL,NULL,1,166),(5354,'2018-06-06 10:04:15','admin',NULL,NULL,1,167),(5355,'2018-06-06 10:04:15','admin',NULL,NULL,1,169),(5356,'2018-06-06 10:04:15','admin',NULL,NULL,1,172),(5357,'2018-06-06 10:04:15','admin',NULL,NULL,1,184),(5358,'2018-06-06 10:04:15','admin',NULL,NULL,1,183);

/*Data for the table `template` */

insert  into `template`(`id`,`template_type`,`template_no`,`template_name`,`template_content`,`create_time`,`create_by`,`modify_time`,`modify_by`) values (1,1,'','（新手标）','{\"assetPoolType\":\"3\",\"calendarMode\":\"20\",\"describe\":\"适用于新手标\",\"increaseAmount\":\"1000\",\"minInvestAmount\":\"1000\",\"name\":\"侨金所新手标\",\"patternCode\":\"定期\",\"productDisplayName\":\"\",\"productLineCode\":\"021711002\",\"productName\":\"\",\"reservationAmount\":\"\",\"riskLevel\":\"1\",\"saleChannelCode\":\"\",\"showName\":\"新手标\"}','2017-11-16 14:36:35','SYS','2017-12-13 18:38:18','SYS'),(2,1,'','智富30','{\"name\":\"智富30\",\"showName\":\"智富30\",\"increaseAmount\":\"100\",\"minInvestAmount\":\"1000\",\"riskLevel\":\"1\",\"productName\":\"\",\"productDisplayName\":\"\",\"reservationAmount\":\"\",\"assetPoolType\":\"3\",\"saleChannelCode\":\"\",\"patternCode\":\"定期\",\"calendarMode\":\"20\",\"productLineCode\":\"021711004\",\"describe\":\"适用于智富系列 30天定期产品\"}','2017-11-16 14:38:18','SYS','2017-12-05 15:07:37','SYS'),(3,1,'','智富60','{\"name\":\"智富60\",\"showName\":\"智富60\",\"increaseAmount\":\"100\",\"minInvestAmount\":\"1000\",\"riskLevel\":\"1\",\"productName\":\"\",\"productDisplayName\":\"\",\"reservationAmount\":\"\",\"assetPoolType\":\"3\",\"saleChannelCode\":\"\",\"patternCode\":\"定期\",\"calendarMode\":\"20\",\"productLineCode\":\"021711004\",\"describe\":\"适用于智富系列 60天定期产品\"}','2017-11-16 14:38:39','SYS','2017-12-05 15:07:38','SYS'),(4,1,'','智盈90','{\"name\":\"智盈90\",\"showName\":\"智盈90\",\"increaseAmount\":\"100\",\"minInvestAmount\":\"1000\",\"riskLevel\":\"1\",\"productName\":\"\",\"productDisplayName\":\"\",\"reservationAmount\":\"\",\"assetPoolType\":\"3\",\"saleChannelCode\":\"\",\"patternCode\":\"定期\",\"calendarMode\":\"20\",\"productLineCode\":\"021711003\",\"describe\":\"适用于智盈系列 90天定期产品\"}','2017-11-16 14:39:05','SYS','2017-12-05 15:07:39','SYS'),(5,1,'','智盈180','{\"name\":\"智盈180\",\"showName\":\"智盈180\",\"increaseAmount\":\"100\",\"minInvestAmount\":\"1000\",\"riskLevel\":\"1\",\"productName\":\"\",\"productDisplayName\":\"\",\"reservationAmount\":\"\",\"assetPoolType\":\"3\",\"saleChannelCode\":\"\",\"patternCode\":\"定期\",\"calendarMode\":\"20\",\"productLineCode\":\"021711003\",\"describe\":\"适用于智盈系列 180天定期产品\"}','2017-11-16 14:39:20','SYS','2017-12-05 15:07:41','SYS'),(6,1,'','智汇270','{\"name\":\"智汇270\",\"showName\":\"智汇270\",\"increaseAmount\":\"100\",\"minInvestAmount\":\"1000\",\"riskLevel\":\"1\",\"productName\":\"\",\"productDisplayName\":\"\",\"reservationAmount\":\"\",\"assetPoolType\":\"3\",\"saleChannelCode\":\"\",\"patternCode\":\"定期\",\"calendarMode\":\"20\",\"productLineCode\":\"021711001\",\"describe\":\"适用于智汇系列 270天定期产品\"}','2017-11-16 14:39:44','SYS','2017-12-05 15:07:42','SYS'),(7,1,'','智汇360','{\"name\":\"智汇360\",\"showName\":\"智汇360\",\"increaseAmount\":\"100\",\"minInvestAmount\":\"1000\",\"riskLevel\":\"1\",\"productName\":\"\",\"productDisplayName\":\"\",\"reservationAmount\":\"\",\"assetPoolType\":\"3\",\"saleChannelCode\":\"\",\"patternCode\":\"定期\",\"calendarMode\":\"20\",\"productLineCode\":\"021711001\",\"describe\":\"适用于智汇系列 360天定期产品\"}','2017-11-16 14:39:57','SYS','2017-12-05 15:07:44','SYS'),(8,1,NULL,'空置模板','{\"name\":\"空置模板\",\"showName\":\"\",\"increaseAmount\":\"\",\"minInvestAmount\":\"\",\"riskLevel\":\"\",\"productName\":\"\",\"productDisplayName\":\"\",\"reservationAmount\":\"\",\"assetPoolType\":\"\",\"saleChannelCode\":\"\",\"patternCode\":\"\",\"calendarMode\":\"\",\"productLineCode\":\"\",\"describe\":\"目前可用于复投类产品\"}','2017-11-21 15:46:52','SYS','2017-12-05 15:07:46','SYS'),(9,2,NULL,'签章模板1','[{\"currentUserSignNo\":1,\"keyword\":\"资邦元达签章处\",\"keywordIndex\":0,\"offsetX\":1,\"offsetY\":1,\"pageNo\":1,\"roleId\":23,\"sealId\":\"2365780222472373214\"},{\"currentUserSignNo\":2,\"keyword\":\"国通签章处\",\"keywordIndex\":1,\"offsetX\":1,\"offsetY\":1,\"pageNo\":1,\"roleId\":21,\"sealId\":\"2379178557358703432\"}]','2017-12-06 17:44:32','SYS','2017-12-28 10:43:40','SYS'),(10,2,NULL,'签章模板2','[{\"currentUserSignNo\":1,\"keyword\":\"国通签章处\",\"keywordIndex\":0,\"offsetX\":1,\"offsetY\":1,\"pageNo\":1,\"roleId\":21,\"sealId\":\"2379178557358703432\"},{\"currentUserSignNo\":2,\"keyword\":\"资邦元达签章处\",\"keywordIndex\":1,\"offsetX\":1,\"offsetY\":1,\"pageNo\":1,\"roleId\":23,\"sealId\":\"2365780222472373214\"}]','2017-12-06 17:44:51','SYS','2017-12-15 15:18:50','SYS'),(11,2,NULL,'《转让说明书》','[{\"currentUserSignNo\":2,\"keyword\":\"广州融早资产管理有限公司\",\"keywordIndex\":2,\"offsetX\":1,\"offsetY\":1,\"pageNo\":1,\"roleId\":22,\"sealId\":\"2379178679463281488\"},{\"currentUserSignNo\":1,\"keyword\":\"国通商业保理（天津）有限公司 \",\"keywordIndex\":1,\"offsetX\":1,\"offsetY\":1,\"pageNo\":1,\"roleId\":21,\"sealId\":\"2379178557358703432\"}]','2017-12-14 16:04:21','SYS','2017-12-15 15:07:36','SYS'),(12,2,NULL,'《综合服务协议》','[{\"currentUserSignNo\":3,\"keyword\":\"广州融早资产管理有限公司：(公章）\",\"keywordIndex\":3,\"offsetX\":1,\"offsetY\":1,\"pageNo\":1,\"roleId\":22,\"sealId\":\"2379178679463281488\"},{\"currentUserSignNo\":1,\"keyword\":\"国通商业保理（天津）有限公司：(公章）\",\"keywordIndex\":1,\"offsetX\":1,\"offsetY\":1,\"pageNo\":1,\"roleId\":21,\"sealId\":\"2379178557358703432\"},{\"currentUserSignNo\":2,\"keyword\":\"法定代表人(或授权代表人)签署：（签章）\",\"keywordIndex\":2,\"offsetX\":1,\"offsetY\":1,\"pageNo\":1,\"roleId\":21,\"sealId\":\"2379178523980432198\"},{\"currentUserSignNo\":4,\"keyword\":\"法定代表人(或授权代表人)签署：（签章）\",\"keywordIndex\":4,\"offsetX\":1,\"offsetY\":1,\"pageNo\":1,\"roleId\":22,\"sealId\":\"2379178653571842894\"}]','2017-12-14 16:10:19','SYS','2017-12-15 15:11:55','SYS'),(13,2,NULL,'《注册、登记及服务协议-三方协议》','[{\"currentUserSignNo\":3,\"keyword\":\"乙方（盖章）\",\"keywordIndex\":3,\"offsetX\":1,\"offsetY\":1,\"pageNo\":1,\"roleId\":22,\"sealId\":\"2379178679463281488\"},{\"currentUserSignNo\":1,\"keyword\":\"甲方（盖章）\",\"keywordIndex\":1,\"offsetX\":1,\"offsetY\":1,\"pageNo\":1,\"roleId\":21,\"sealId\":\"2379178557358703432\"},{\"currentUserSignNo\":2,\"keyword\":\"法定代表人或授权代表（签章）\",\"keywordIndex\":2,\"offsetX\":1,\"offsetY\":1,\"pageNo\":1,\"roleId\":21,\"sealId\":\"2379178523980432198\"},{\"currentUserSignNo\":4,\"keyword\":\"法定代表人或授权代表（签章）\",\"keywordIndex\":4,\"offsetX\":1,\"offsetY\":1,\"pageNo\":1,\"roleId\":22,\"sealId\":\"2379178653571842894\"}]','2017-12-14 16:11:58','SYS','2017-12-15 15:14:08','SYS'),(14,2,NULL,'《资产收益权报送函》','[{\"currentUserSignNo\":2,\"keyword\":\"法定代表人（签章）\",\"keywordIndex\":2,\"offsetX\":1,\"offsetY\":1,\"pageNo\":1,\"roleId\":21,\"sealId\":\"2379178523980432198\"},{\"currentUserSignNo\":1,\"keyword\":\"国通商业保理（天津）有限公司 \",\"keywordIndex\":1,\"offsetX\":1,\"offsetY\":1,\"pageNo\":1,\"roleId\":21,\"sealId\":\"2379178557358703432\"}]','2017-12-14 16:12:12','SYS','2017-12-15 15:15:40','SYS'),(15,3,NULL,'产品转让模板','{\"entrustTransferTime\":\"3\",\"lockTime\":\"5\",\"procedureFeePercent\":\"0.2\",\"lowPrincipalPercent\":\"1\",\"lowInterestPercent\":\"1\",\"lowInputAmount\":\"500\",\"highPrincipalPercent\":\"6\",\"highInterestPercent\":\"6\",\"highInputAmount\":\"1000\",\"highTransferYieldRate\":\"20\",\"lowTransferYieldRate\":\"5\"}','2017-12-25 15:46:14','SYS','2017-12-27 16:17:22','SYS'),(16,4,NULL,'订单融资合同模板','[{\"keyword1\":\"云南安果经贸有限公司\",\"keyword2\":\"云南安果经贸有限公司-法人\",\"templateCode1\":\"SEALSTAMPER20180115000000000\",\"templateCode2\":\"SEALSTAMPER20180115000000001\",\"roleId\":21},{\"keyword1\":\"成都苑博贸易有限公司\",\"keyword2\":\"成都苑博贸易有限公司-法人\",\"templateCode1\":\"SEALSTAMPER20180115000000002\",\"templateCode2\":\"SEALSTAMPER20180115000000003\",\"roleId\":22},{\"keyword1\":\"广州怡搏轩贸易有限公司\",\"keyword2\":\"广州怡搏轩贸易有限公司-法人\",\"templateCode1\":\"SEALSTAMPER20180115000000004\",\"templateCode2\":\"SEALSTAMPER20180115000000005\",\"keywordIndex\":1,\"roleId\":23},{\"keyword1\":\"浙江盛金铜业有限公司\",\"keyword2\":\"浙江盛金铜业有限公司-法人\",\"templateCode1\":\"SEALSTAMPER20180115000000006\",\"templateCode2\":\"SEALSTAMPER20180115000000007\",\"roleId\":24},{\"keyword1\":\"浙江玉鹄控股有限公司\",\"keyword2\":\"浙江玉鹄控股有限公司-法人\",\"templateCode1\":\"SEALSTAMPER20180115000000009\",\"templateCode2\":\"SEALSTAMPER201801150000000010\",\"roleId\":25},{\"keyword1\":\"上海亚深石油化有限公司\",\"keyword2\":\"上海亚深石油化有限公司-法人\",\"templateCode1\":\"SEALSTAMPER201801150000000011\",\"templateCode2\":\"SEALSTAMPER201801150000000012\",\"roleId\":26},{\"keyword1\":\"江苏普福贸易有限公司\",\"keyword2\":\"江苏普福贸易有限公司-法人\",\"templateCode1\":\"SEALSTAMPER201801150000000013\",\"templateCode2\":\"SEALSTAMPER201801150000000014\",\"roleId\":27},{\"keyword1\":\"云南汇百金贸易有限公司\",\"keyword2\":\"云南汇百金贸易有限公司-法人\",\"templateCode1\":\"SEALSTAMPER201801150000000015\",\"templateCode2\":\"SEALSTAMPER201801150000000016\",\"roleId\":28},{\"keyword1\":\"国通商业保理（天津）有限公司\",\"keyword2\":\"国通商业保理（天津）有限公司-法人\",\"templateCode1\":\"SEALSTAMPER201801150000000017\",\"templateCode2\":\"SEALSTAMPER201801150000000018\",\"roleId\":29},{\"keyword1\":\"广州融早资产管理有限公司\",\"keyword2\":\"广州融早资产管理有限公司-法人\",\"templateCode1\":\"SEALSTAMPER201801150000000019\",\"templateCode2\":\"SEALSTAMPER201801150000000020\",\"roleId\":30}]','2018-01-25 14:55:21','SYS','2018-01-29 15:55:25','SYS'),(17,5,NULL,'借款利率魔板','{\"repaymentType \":1,\"list\":[{\"loanRate\":0.10,\"loanValueDays\":30,\"loanFeeRate\":0.08},{\"loanRate\":0.12,\"loanValueDays\":60,\"loanFeeRate\":0.08},{\"loanRate\":0.15,\"loanValueDays\":90,\"loanFeeRate\":0.08}]}','2018-02-28 13:31:40','SYS','2018-06-06 11:26:27','SYS'),(18,NULL,NULL,NULL,NULL,'2018-06-06 11:21:37','SYS','2018-06-06 11:21:37','SYS');

/*Data for the table `user` */

insert  into `user`(`id`,`create_time`,`create_by`,`modify_time`,`modify_by`,`name`,`password`,`email`,`mobile`,`real_name`,`delete_flag`,`login_type`) values (1,'2016-12-28 09:21:53','admin','2017-12-07 10:29:25','admin','administrator','5D93CEB70E2BF5DAA84EC3D0CD2C731A','4444@zillionfortune.com','13112345222','管理员',0,1),(2,'2016-12-28 09:21:53','admin','2017-12-07 10:30:10','administrator','superAdmin1','E10ADC3949BA59ABBE56E057F20F883E','4444@zillionfortune.com','13112345222','管理员',1,1),(56,'2016-12-28 09:21:53','admin','2017-12-07 10:29:17','admin','admin','0192023A7BBD73250516F069DF18B500','4444@zillionfortune.com','13112345222','管理员',0,1),(57,'2017-06-21 16:16:50','admin','2017-07-10 11:12:07','admin','guest','FCF41657F02F88137A1BCF068A32C0A3','zillion@zillion.com','13800000000','guest',0,1),(63,'2017-07-13 17:59:17','wangzinan_tech','2017-07-13 18:00:53','wangzinan_tech','wangzinan_tech','03ADF148360D42274C42DECB95B43661','wangzinan_tech@zillionfortune.com',NULL,'王子南',0,2),(64,'2017-07-13 18:16:14','haoxianhuan','2017-07-13 18:27:59','haoxianhuan','haoxianhuan','03ADF148360D42274C42DECB95B43661','haoxianhuan@zillionfortune.com',NULL,'郝先欢',0,2),(65,'2017-07-14 10:39:16','admin','2017-07-14 11:21:03',NULL,'fksh01','CB4AE5B3FDE8A3292C23537D8497989E','fksh01@xx.com','13112345678','fksh01',0,NULL),(66,'2017-07-14 10:42:31','admin',NULL,NULL,'fksh02','CB4AE5B3FDE8A3292C23537D8497989E','fksh02@xx.com','13112345678','fksh02',0,NULL),(67,'2017-07-14 10:43:04','admin',NULL,NULL,'fksh03','CB4AE5B3FDE8A3292C23537D8497989E','fksh03@xxx.coom','13112345678','fksh03',0,NULL),(68,'2017-07-14 10:43:38','admin','2017-11-01 10:55:33',NULL,'fksh04','E10ADC3949BA59ABBE56E057F20F883E','fksh04@xxx.com','13112345678','fksh04',0,NULL),(69,'2017-07-14 10:43:38','admin','2018-06-07 09:39:46','admin','fkkf01','CB4AE5B3FDE8A3292C23537D8497989E','fksh04@xxx.com','13112345678','fkkf01',0,NULL),(70,'2017-07-14 10:43:38','admin',NULL,NULL,'fkkf02','CB4AE5B3FDE8A3292C23537D8497989E','fksh04@xxx.com','13112345678','fkkf02',0,NULL),(71,'2017-07-14 10:43:38','admin',NULL,NULL,'fkht01','CB4AE5B3FDE8A3292C23537D8497989E','fksh04@xxx.com','13112345678','fkht01',0,NULL),(72,'2017-07-14 10:43:38','admin',NULL,NULL,'fkht02','CB4AE5B3FDE8A3292C23537D8497989E','fksh04@xxx.com','13112345678','fkht02',0,NULL),(73,'2017-07-14 10:43:38','admin',NULL,NULL,'fkht03','CB4AE5B3FDE8A3292C23537D8497989E','fksh04@xxx.com','13112345678','fkht03',0,NULL),(74,'2017-07-14 10:43:38','admin',NULL,NULL,'fkht04','CB4AE5B3FDE8A3292C23537D8497989E','fksh04@xxx.com','13112345678','fkht04',0,NULL),(75,'2017-07-14 10:43:38','admin',NULL,NULL,'fkht05','CB4AE5B3FDE8A3292C23537D8497989E','fksh04@xxx.com','13112345678','fkht05',0,NULL),(76,'2017-07-14 10:43:38','admin',NULL,NULL,'zcgl01','CB4AE5B3FDE8A3292C23537D8497989E','fksh04@xxx.com','13112345678','zcgl01',0,NULL),(77,'2017-07-14 10:43:38','admin',NULL,NULL,'zcgl02','CB4AE5B3FDE8A3292C23537D8497989E','fksh04@xxx.com','13112345678','zcgl02',0,NULL),(78,'2017-07-14 10:43:38','admin',NULL,NULL,'zcgl03','CB4AE5B3FDE8A3292C23537D8497989E','fksh04@xxx.com','13112345678','zcgl03',0,NULL),(79,'2017-07-14 10:43:38','admin',NULL,NULL,'hj01','CB4AE5B3FDE8A3292C23537D8497989E','fksh04@xxx.com','13112345678','hj01',0,NULL),(80,'2017-07-14 10:43:38','admin',NULL,NULL,'hj02','CB4AE5B3FDE8A3292C23537D8497989E','fksh04@xxx.com','13112345678','hj02',0,NULL),(81,'2017-07-14 10:43:38','admin',NULL,NULL,'hj03','CB4AE5B3FDE8A3292C23537D8497989E','fksh04@xxx.com','13112345678','hj03',0,NULL),(82,'2017-11-01 11:00:26','admin','2017-11-01 11:00:44','admin','123','03ADF148360D42274C42DECB95B43661','123@xxx.com','18114075642','123',1,NULL),(83,'2017-12-19 18:59:02','admin',NULL,NULL,'fxcpg','0192023A7BBD73250516F069DF18B500','222@ss.com','13212345677','李四',0,NULL),(84,'2017-12-20 16:51:24','admin',NULL,NULL,'发行管理','0192023A7BBD73250516F069DF18B500','777@qq.com','13615600931','发行管理',0,NULL),(85,'2017-12-22 16:36:16','admin',NULL,NULL,'fxglg','0192023A7BBD73250516F069DF18B500','222@sss.com','13245678945','李四',0,NULL),(86,'2017-12-22 16:40:09','admin',NULL,NULL,'gtqzqx','0192023A7BBD73250516F069DF18B500','333@sss.com','13245678978','王五',0,NULL),(87,'2018-02-02 12:54:32','admin','2018-02-02 12:54:59',NULL,'test','E10ADC3949BA59ABBE56E057F20F883E','sss@126.com','13245678998','test',0,NULL),(88,'2018-02-02 16:22:36','admin',NULL,NULL,'test1','0192023A7BBD73250516F069DF18B500','sss@sss.com','13245678987','test1',0,NULL),(89,'2018-04-08 11:24:24','admin','2018-04-10 17:34:51','admin','fhb2018','DB1F5074795EC35984DEE754EDDA13A3','fhb2018@zibang.com','13075529843','wwww',0,NULL),(90,'2018-04-20 15:41:50','fhb2018','2018-04-20 16:27:34','admin','fhb2018a','EF09D0C1D911E64E975C851D01CED4A6','13622485698@qq.com','13622485698','fhb2018ab',0,NULL);

/*Data for the table `user_role` */

insert  into `user_role`(`id`,`user_id`,`role_id`,`create_time`,`create_by`,`modify_by`,`modify_time`) values (80,63,5,'2017-07-06 10:24:47','admin',NULL,NULL),(81,61,6,'2017-07-06 10:25:33','admin',NULL,NULL),(85,64,6,'2017-07-13 18:44:56','admin',NULL,NULL),(86,64,5,'2017-07-13 18:44:56','admin',NULL,NULL),(87,64,3,'2017-07-13 18:44:56','admin',NULL,NULL),(88,65,6,'2017-07-14 10:49:50','admin',NULL,NULL),(89,66,6,'2017-07-14 10:49:56','admin',NULL,NULL),(90,67,6,'2017-07-14 10:50:01','admin',NULL,NULL),(93,70,5,'2017-07-14 10:55:50','admin',NULL,NULL),(94,71,7,'2017-07-14 11:09:51','admin',NULL,NULL),(95,72,7,'2017-07-14 11:09:56','admin',NULL,NULL),(96,73,7,'2017-07-14 11:10:01','admin',NULL,NULL),(97,74,7,'2017-07-14 11:10:08','admin',NULL,NULL),(98,75,7,'2017-07-14 11:10:14','admin',NULL,NULL),(99,76,8,'2017-07-14 11:10:40','admin',NULL,NULL),(100,77,8,'2017-07-14 11:10:44','admin',NULL,NULL),(102,79,9,'2017-07-14 11:11:00','admin',NULL,NULL),(103,80,9,'2017-07-14 11:11:08','admin',NULL,NULL),(104,81,9,'2017-07-14 11:11:11','admin',NULL,NULL),(109,57,3,'2017-08-01 15:39:06','admin',NULL,NULL),(112,78,8,'2017-11-01 10:13:53','admin',NULL,NULL),(113,78,3,'2017-11-01 10:13:53','admin',NULL,NULL),(117,68,6,'2017-11-01 10:17:34','admin',NULL,NULL),(118,68,1,'2017-11-01 10:17:34','admin',NULL,NULL),(119,69,5,'2017-11-01 10:17:57','admin',NULL,NULL),(120,69,3,'2017-11-01 10:17:57','admin',NULL,NULL),(140,84,9,'2017-12-20 16:52:03','admin',NULL,NULL),(141,84,15,'2017-12-20 16:52:03','admin',NULL,NULL),(142,84,16,'2017-12-20 16:52:03','admin',NULL,NULL),(143,84,19,'2017-12-20 16:52:03','admin',NULL,NULL),(156,86,12,'2017-12-22 16:42:00','admin',NULL,NULL),(157,85,9,'2017-12-22 17:38:56','admin',NULL,NULL),(158,85,20,'2017-12-22 17:38:56','admin',NULL,NULL),(558,1,1,'2018-01-30 09:57:18','administrator',NULL,NULL),(559,1,22,'2018-01-30 09:57:18','administrator',NULL,NULL),(573,89,1,'2018-04-08 11:25:38','admin',NULL,NULL),(601,56,1,'2018-04-18 16:43:00','admin',NULL,NULL),(602,56,6,'2018-04-18 16:43:00','admin',NULL,NULL),(603,56,5,'2018-04-18 16:43:00','admin',NULL,NULL),(604,56,12,'2018-04-18 16:43:00','admin',NULL,NULL),(605,56,11,'2018-04-18 16:43:00','admin',NULL,NULL),(606,56,18,'2018-04-18 16:43:00','admin',NULL,NULL),(607,56,17,'2018-04-18 16:43:00','admin',NULL,NULL),(608,56,16,'2018-04-18 16:43:00','admin',NULL,NULL),(609,56,15,'2018-04-18 16:43:00','admin',NULL,NULL),(610,56,19,'2018-04-18 16:43:00','admin',NULL,NULL),(611,56,20,'2018-04-18 16:43:00','admin',NULL,NULL),(612,56,31,'2018-04-18 16:43:00','admin',NULL,NULL),(613,56,21,'2018-04-18 16:43:00','admin',NULL,NULL),(614,83,9,'2018-06-07 09:39:15','admin',NULL,NULL);

/*!40101 SET SQL_MODE=@OLD_SQL_MODE */;
/*!40014 SET FOREIGN_KEY_CHECKS=@OLD_FOREIGN_KEY_CHECKS */;
/*!40014 SET UNIQUE_CHECKS=@OLD_UNIQUE_CHECKS */;
/*!40111 SET SQL_NOTES=@OLD_SQL_NOTES */;
